Symbol,Security,GICSSector,GICS Sub-Industry,Headquarters Location,Date added,CIK,Founded
MMM,3M,Industrials,Industrial Conglomerates,"Saint Paul, Minnesota",1957-03-04,0000066740,1902
AOS,A. O. Smith,Industrials,Building Products,"Milwaukee, Wisconsin",2017-07-26,0000091142,1916
ABT,Abbott Laboratories,Health Care,Health Care Equipment,"North Chicago, Illinois",1957-03-04,0000001800,1888
ABBV,AbbVie,Health Care,Biotechnology,"North Chicago, Illinois",2012-12-31,0001551152,2013 (1888)
ACN,Accenture,Information Technology,IT Consulting & Other Services,"Dublin, Ireland",2011-07-06,0001467373,1989
ADBE,Adobe Inc.,Information Technology,Application Software,"San Jose, California",1997-05-05,0000796343,1982
AMD,Advanced Micro Devices,Information Technology,Semiconductors,"Santa Clara, California",2017-03-20,0000002488,1969
AES,AES Corporation,Utilities,Independent Power Producers & Energy Traders,"Arlington, Virginia",1998-10-02,0000874761,1981
AFL,Aflac,Financials,Life & Health Insurance,"Columbus, Georgia",1999-05-28,0000004977,1955
A,Agilent Technologies,Health Care,Life Sciences Tools & Services,"Santa Clara, California",2000-06-05,0001090872,1999
APD,Air Products,Materials,Industrial Gases,"Upper Macungie Township, Pennsylvania",1985-04-30,0000002969,1940
ABNB,Airbnb,Consumer Discretionary,"Hotels, Resorts & Cruise Lines","San Francisco, California",2023-09-18,0001559720,2008
AKAM,Akamai Technologies,Information Technology,Internet Services & Infrastructure,"Cambridge, Massachusetts",2007-07-12,0001086222,1998
ALB,Albemarle Corporation,Materials,Specialty Chemicals,"Charlotte, North Carolina",2016-07-01,0000915913,1994
ARE,Alexandria Real Estate Equities,Real Estate,Office REITs,"Pasadena, California",2017-03-20,0001035443,1994
ALGN,Align Technology,Health Care,Health Care Supplies,"Tempe, Arizona",2017-06-19,0001097149,1997
ALLE,Allegion,Industrials,Building Products,"Dublin, Ireland",2013-12-02,0001579241,1908
LNT,Alliant Energy,Utilities,Electric Utilities,"Madison, Wisconsin",2016-07-01,0000352541,1917
ALL,Allstate,Financials,Property & Casualty Insurance,"Northbrook, Illinois",1995-07-13,0000899051,1931
GOOGL,Alphabet Inc.(Class A),Communication Services,Interactive Media & Services,"Mountain View, California",2014-04-03,0001652044,1998
GOOG,Alphabet Inc.(Class C),Communication Services,Interactive Media & Services,"Mountain View, California",2006-04-03,0001652044,1998
MO,Altria,Consumer Staples,Tobacco,"Richmond, Virginia",1957-03-04,0000764180,1985
AMZN,Amazon,Consumer Discretionary,Broadline Retail,"Seattle, Washington",2005-11-18,0001018724,1994
AMCR,Amcor,Materials,Paper & Plastic Packaging Products & Materials,"Warmley,Bristol, United Kingdom",2019-06-07,0001748790,2019 (1860)
AEE,Ameren,Utilities,Multi-Utilities,"St. Louis, Missouri",1991-09-19,0001002910,1902
AEP,American Electric Power,Utilities,Electric Utilities,"Columbus, Ohio",1957-03-04,0000004904,1906
AXP,American Express,Financials,Consumer Finance,"New York City, New York",1976-06-30,0000004962,1850
AIG,American International Group,Financials,Multi-line Insurance,"New York City, New York",1980-03-31,0000005272,1919
AMT,American Tower,Real Estate,Telecom Tower REITs,"Boston, Massachusetts",2007-11-19,0001053507,1995
AWK,American Water Works,Utilities,Water Utilities,"Camden, New Jersey",2016-03-04,0001410636,1886
AMP,Ameriprise Financial,Financials,Asset Management & Custody Banks,"Minneapolis, Minnesota",2005-10-03,0000820027,1894
AME,Ametek,Industrials,Electrical Components & Equipment,"Berwyn, Pennsylvania",2013-09-23,0001037868,1930
AMGN,Amgen,Health Care,Biotechnology,"Thousand Oaks, California",1992-01-02,0000318154,1980
APH,Amphenol,Information Technology,Electronic Components,"Wallingford, Connecticut",2008-09-30,0000820313,1932
ADI,Analog Devices,Information Technology,Semiconductors,"Wilmington, Massachusetts",1999-10-12,0000006281,1965
AON,Aon plc,Financials,Insurance Brokers,"London, United Kingdom",1996-04-23,0000315293,1982 (1919)
APA,APA Corporation,Energy,Oil & Gas Exploration & Production,"Houston, Texas",1997-07-28,0001841666,1954
APO,Apollo Global Management,Financials,Asset Management & Custody Banks,"New York City, New York",2024-12-23,0001858681,1990
AAPL,Apple Inc.,Information Technology,"Technology Hardware, Storage & Peripherals","Cupertino, California",1982-11-30,0000320193,1977
AMAT,Applied Materials,Information Technology,Semiconductor Materials & Equipment,"Santa Clara, California",1995-03-16,0000006951,1967
APTV,Aptiv,Consumer Discretionary,Automotive Parts & Equipment,"Dublin, Ireland",2012-12-24,0001521332,1994
ACGL,Arch Capital Group,Financials,Property & Casualty Insurance,"Hamilton, Bermuda",2022-11-01,0000947484,1995
ADM,Archer Daniels Midland,Consumer Staples,Agricultural Products & Services,"Chicago, Illinois",1957-03-04,0000007084,1902
ANET,Arista Networks,Information Technology,Communications Equipment,"Santa Clara, California",2018-08-28,0001596532,2004
AJG,Arthur J. Gallagher & Co.,Financials,Insurance Brokers,"Rolling Meadows, Illinois",2016-05-31,0000354190,1927
AIZ,Assurant,Financials,Multi-line Insurance,"Atlanta, Georgia",2007-04-10,0001267238,1892
T,AT&T,Communication Services,Integrated Telecommunication Services,"Dallas, Texas",1983-11-30,0000732717,1983 (1885)
ATO,Atmos Energy,Utilities,Gas Utilities,"Dallas, Texas",2019-02-15,0000731802,1906
ADSK,Autodesk,Information Technology,Application Software,"San Francisco, California",1989-12-01,0000769397,1982
ADP,Automatic Data Processing,Industrials,Human Resource & Employment Services,"Roseland, New Jersey",1981-03-31,0000008670,1949
AZO,AutoZone,Consumer Discretionary,Automotive Retail,"Memphis, Tennessee",1997-01-02,0000866787,1979
AVB,AvalonBay Communities,Real Estate,Multi-Family Residential REITs,"Arlington, Virginia",2007-01-10,0000915912,1978
AVY,Avery Dennison,Materials,Paper & Plastic Packaging Products & Materials,"Mentor, Ohio",1987-12-31,0000008818,1935
AXON,Axon Enterprise,Industrials,Aerospace & Defense,"Scottsdale, Arizona",2023-05-04,0001069183,1993
BKR,Baker Hughes,Energy,Oil & Gas Equipment & Services,"Houston, Texas",2017-07-07,0001701605,2017
BALL,Ball Corporation,Materials,"Metal, Glass & Plastic Containers","Broomfield, Colorado",1984-10-31,0000009389,1880
BAC,Bank of America,Financials,Diversified Banks,"Charlotte, North Carolina",1976-06-30,0000070858,1998 (1923 / 1874)
BAX,Baxter International,Health Care,Health Care Equipment,"Deerfield, Illinois",1972-09-30,0000010456,1931
BDX,Becton Dickinson,Health Care,Health Care Equipment,"Franklin Lakes, New Jersey",1972-09-30,0000010795,1897
BRK.B,Berkshire Hathaway,Financials,Multi-Sector Holdings,"Omaha, Nebraska",2010-02-16,0001067983,1839
BBY,Best Buy,Consumer Discretionary,Computer & Electronics Retail,"Richfield, Minnesota",1999-06-29,0000764478,1966
TECH,Bio-Techne,Health Care,Life Sciences Tools & Services,"Minneapolis, Minnesota",2021-08-30,0000842023,1976
BIIB,Biogen,Health Care,Biotechnology,"Cambridge, Massachusetts",2003-11-13,0000875045,1978
BLK,BlackRock,Financials,Asset Management & Custody Banks,"New York City, New York",2011-04-04,0002012383,1988
BX,Blackstone Inc.,Financials,Asset Management & Custody Banks,"New York City, New York",2023-09-18,0001393818,1985
XYZ,"Block, Inc.",Financials,Transaction & Payment Processing Services,none,2025-07-23,0001512673,2009
BK,BNY Mellon,Financials,Asset Management & Custody Banks,"New York City, New York",1995-03-31,0001390777,1784
BA,Boeing,Industrials,Aerospace & Defense,"Arlington, Virginia",1957-03-04,0000012927,1916
BKNG,Booking Holdings,Consumer Discretionary,"Hotels, Resorts & Cruise Lines","Norwalk, Connecticut",2009-11-06,0001075531,1996
BSX,Boston Scientific,Health Care,Health Care Equipment,"Marlborough, Massachusetts",1995-02-24,0000885725,1979
BMY,Bristol Myers Squibb,Health Care,Pharmaceuticals,"New York City, New York",1957-03-04,0000014272,1989 (1887)
AVGO,Broadcom,Information Technology,Semiconductors,"Palo Alto, California",2014-05-08,0001730168,1961
BR,Broadridge Financial Solutions,Industrials,Data Processing & Outsourced Services,"Lake Success, New York",2018-06-18,0001383312,1962
BRO,Brown & Brown,Financials,Insurance Brokers,"Daytona Beach, Florida",2021-09-20,0000079282,1939
BF.B,Brown–Forman,Consumer Staples,Distillers & Vintners,"Louisville, Kentucky",1982-10-31,0000014693,1870
BLDR,Builders FirstSource,Industrials,Building Products,"Irving, Texas",2023-12-18,0001316835,1998
BG,Bunge Global,Consumer Staples,Agricultural Products & Services,"Chesterfield, Missouri",2023-03-15,0001996862,1818
BXP,"BXP, Inc.",Real Estate,Office REITs,"Boston, Massachusetts",2006-04-03,0001037540,1970
CHRW,C.H. Robinson,Industrials,Air Freight & Logistics,"Eden Prairie, Minnesota",2007-03-02,0001043277,1905
CDNS,Cadence Design Systems,Information Technology,Application Software,"San Jose, California",2017-09-18,0000813672,1988
CZR,Caesars Entertainment,Consumer Discretionary,Casinos & Gaming,"Reno, Nevada",2021-03-22,0001590895,1973
CPT,Camden Property Trust,Real Estate,Multi-Family Residential REITs,"Houston, Texas",2022-04-04,0000906345,1981
CPB,Campbell's Company (The),Consumer Staples,Packaged Foods & Meats,"Camden, New Jersey",1957-03-04,0000016732,1869
COF,Capital One,Financials,Consumer Finance,"Tysons Corner, Virginia",1998-07-01,0000927628,1994
CAH,Cardinal Health,Health Care,Health Care Distributors,"Dublin, Ohio",1997-05-27,0000721371,1971
KMX,CarMax,Consumer Discretionary,Automotive Retail,"Richmond, Virginia",2010-06-28,0001170010,1993
CCL,Carnival,Consumer Discretionary,"Hotels, Resorts & Cruise Lines","Miami, Florida",1998-12-22,0000815097,1972
CARR,Carrier Global,Industrials,Building Products,"Palm Beach Gardens, Florida",2020-04-03,0001783180,"2020 (1915,United Technologiesspinoff)"
CAT,Caterpillar Inc.,Industrials,Construction Machinery & Heavy Transportation Equipment,"Irving, Texas",1957-03-04,0000018230,1925
CBOE,Cboe Global Markets,Financials,Financial Exchanges & Data,"Chicago, Illinois",2017-03-01,0001374310,1973
CBRE,CBRE Group,Real Estate,Real Estate Services,"Dallas, Texas",2006-11-10,0001138118,1906
CDW,CDW Corporation,Information Technology,Technology Distributors,"Vernon Hills, Illinois",2019-09-23,0001402057,1984
COR,Cencora,Health Care,Health Care Distributors,"Conshohocken, Pennsylvania",2001-08-30,0001140859,1985
CNC,Centene Corporation,Health Care,Managed Health Care,"St. Louis, Missouri",2016-03-30,0001071739,1984
CNP,CenterPoint Energy,Utilities,Multi-Utilities,"Houston, Texas",1985-07-31,0001130310,1882
CF,CF Industries,Materials,Fertilizers & Agricultural Chemicals,"Deerfield, Illinois",2008-08-27,0001324404,1946
CRL,Charles River Laboratories,Health Care,Life Sciences Tools & Services,"Wilmington, Massachusetts",2021-05-14,0001100682,1947
SCHW,Charles Schwab Corporation,Financials,Investment Banking & Brokerage,"Westlake, Texas",1997-06-02,0000316709,1971
CHTR,Charter Communications,Communication Services,Cable & Satellite,"Stamford, Connecticut",2016-09-08,0001091667,1993
CVX,Chevron Corporation,Energy,Integrated Oil & Gas,"San Ramon, California",1957-03-04,0000093410,1879
CMG,Chipotle Mexican Grill,Consumer Discretionary,Restaurants,"Newport Beach, California",2011-04-28,0001058090,1993
CB,Chubb Limited,Financials,Property & Casualty Insurance,"Zurich, Switzerland",2010-07-15,0000896159,1985
CHD,Church & Dwight,Consumer Staples,Household Products,"Ewing, New Jersey",2015-12-29,0000313927,1847
CI,Cigna,Health Care,Health Care Services,"Bloomfield, Connecticut",1976-06-30,0001739940,1982
CINF,Cincinnati Financial,Financials,Property & Casualty Insurance,"Fairfield, Ohio",1997-12-18,0000020286,1950
CTAS,Cintas,Industrials,Diversified Support Services,"Mason, Ohio",2001-03-01,0000723254,1929
CSCO,Cisco,Information Technology,Communications Equipment,"San Jose, California",1993-12-01,0000858877,1984
C,Citigroup,Financials,Diversified Banks,"New York City, New York",1988-05-31,0000831001,1998
CFG,Citizens Financial Group,Financials,Regional Banks,"Providence, Rhode Island",2016-01-29,0000759944,1828
CLX,Clorox,Consumer Staples,Household Products,"Oakland, California",1969-03-31,0000021076,1913
CME,CME Group,Financials,Financial Exchanges & Data,"Chicago, Illinois",2006-08-11,0001156375,1848
CMS,CMS Energy,Utilities,Multi-Utilities,"Jackson, Michigan",1957-03-04,0000811156,1886
KO,Coca-Cola Company (The),Consumer Staples,Soft Drinks & Non-alcoholic Beverages,"Atlanta, Georgia",1957-03-04,0000021344,1886
CTSH,Cognizant,Information Technology,IT Consulting & Other Services,"Teaneck, New Jersey",2006-11-17,0001058290,1994
COIN,Coinbase,Financials,Financial Exchanges & Data,"New York City, New York",2025-05-19,0001679788,2012
CL,Colgate-Palmolive,Consumer Staples,Household Products,"New York City, New York",1957-03-04,0000021665,1806
CMCSA,Comcast,Communication Services,Cable & Satellite,"Philadelphia, Pennsylvania",2002-11-19,0001166691,1963
CAG,Conagra Brands,Consumer Staples,Packaged Foods & Meats,"Chicago, Illinois",1983-08-31,0000023217,1919
COP,ConocoPhillips,Energy,Oil & Gas Exploration & Production,"Houston, Texas",1957-03-04,0001163165,2002
ED,Consolidated Edison,Utilities,Multi-Utilities,"New York City, New York",1957-03-04,0001047862,1823
STZ,Constellation Brands,Consumer Staples,Distillers & Vintners,"Rochester, New York",2005-07-01,0000016918,1945
CEG,Constellation Energy,Utilities,Electric Utilities,"Baltimore, Maryland",2022-02-02,0001868275,1999
COO,Cooper Companies (The),Health Care,Health Care Supplies,"San Ramon, California",2016-09-23,0000711404,1958
CPRT,Copart,Industrials,Diversified Support Services,"Dallas, Texas",2018-07-02,0000900075,1982
GLW,Corning Inc.,Information Technology,Electronic Components,"Corning, New York",1995-02-27,0000024741,1851
CPAY,Corpay,Financials,Transaction & Payment Processing Services,"Atlanta, Georgia",2018-06-20,0001175454,2000
CTVA,Corteva,Materials,Fertilizers & Agricultural Chemicals,"Indianapolis, Indiana",2019-06-03,0001755672,2019
CSGP,CoStar Group,Real Estate,Real Estate Services,"Washington, D.C.",2022-09-19,0001057352,1987
COST,Costco,Consumer Staples,Consumer Staples Merchandise Retail,"Issaquah, Washington",1993-10-01,0000909832,1976
CTRA,Coterra,Energy,Oil & Gas Exploration & Production,"Houston, Texas",2008-06-23,0000858470,2021 (1989)
CRWD,CrowdStrike,Information Technology,Systems Software,"Austin, Texas",2024-06-24,0001535527,2011
CCI,Crown Castle,Real Estate,Telecom Tower REITs,"Houston, Texas",2012-03-14,0001051470,1994
CSX,CSX Corporation,Industrials,Rail Transportation,"Jacksonville, Florida",1957-03-04,0000277948,1980
CMI,Cummins,Industrials,Construction Machinery & Heavy Transportation Equipment,"Columbus, Indiana",1965-03-31,0000026172,1919
CVS,CVS Health,Health Care,Health Care Services,"Woonsocket, Rhode Island",1957-03-04,0000064803,1996
DHR,Danaher Corporation,Health Care,Life Sciences Tools & Services,"Washington, D.C.",1998-11-18,0000313616,1969
DRI,Darden Restaurants,Consumer Discretionary,Restaurants,"Orlando, Florida",1995-05-31,0000940944,1938
DDOG,Datadog,Information Technology,Application Software,"New York City, New York",2025-07-09,0001561550,2010
DVA,DaVita,Health Care,Health Care Services,"Denver, Colorado",2008-07-31,0000927066,1979
DAY,Dayforce,Industrials,Human Resource & Employment Services,"Minneapolis, Minnesota",2021-09-20,0001725057,1992
DECK,Deckers Brands,Consumer Discretionary,Footwear,"Goleta, California",2024-03-18,0000910521,1973
DE,Deere & Company,Industrials,Agricultural & Farm Machinery,"Moline, Illinois",1957-03-04,0000315189,1837
DELL,Dell Technologies,Information Technology,"Technology Hardware, Storage & Peripherals","Round Rock, Texas",2024-09-23,0001571996,2016
DAL,Delta Air Lines,Industrials,Passenger Airlines,"Atlanta, Georgia",2013-09-11,0000027904,1929
DVN,Devon Energy,Energy,Oil & Gas Exploration & Production,"Oklahoma City, Oklahoma",2000-08-30,0001090012,1971
DXCM,Dexcom,Health Care,Health Care Equipment,"San Diego, California",2020-05-12,0001093557,1999
FANG,Diamondback Energy,Energy,Oil & Gas Exploration & Production,"Midland, Texas",2018-12-03,0001539838,2007
DLR,Digital Realty,Real Estate,Data Center REITs,"Austin, Texas",2016-05-18,0001297996,2004
DG,Dollar General,Consumer Staples,Consumer Staples Merchandise Retail,"Goodlettsville, Tennessee",2012-12-03,0000029534,1939
DLTR,Dollar Tree,Consumer Staples,Consumer Staples Merchandise Retail,"Chesapeake, Virginia",2011-12-19,0000935703,1986
D,Dominion Energy,Utilities,Multi-Utilities,"Richmond, Virginia",2016-11-30,0000715957,1983
DPZ,Domino's,Consumer Discretionary,Restaurants,"Ann Arbor, Michigan",2020-05-12,0001286681,1960
DASH,DoorDash,Consumer Discretionary,Specialized Consumer Services,"San Francisco, California",2025-03-24,0001792789,2012
DOV,Dover Corporation,Industrials,Industrial Machinery & Supplies & Components,"Downers Grove, Illinois",1985-10-31,0000029905,1955
DOW,Dow Inc.,Materials,Commodity Chemicals,"Midland, Michigan",2019-04-01,0001751788,2019 (1897)
DHI,D. R. Horton,Consumer Discretionary,Homebuilding,"Arlington, Texas",2005-06-22,0000882184,1978
DTE,DTE Energy,Utilities,Multi-Utilities,"Detroit, Michigan",1957-03-04,0000936340,1995
DUK,Duke Energy,Utilities,Electric Utilities,"Charlotte, North Carolina",1976-06-30,0001326160,1904
DD,DuPont,Materials,Specialty Chemicals,"Wilmington, Delaware",2019-06-03,0001666700,2017 (1802)
EMN,Eastman Chemical Company,Materials,Specialty Chemicals,"Kingsport, Tennessee",1994-01-01,0000915389,1920
ETN,Eaton Corporation,Industrials,Electrical Components & Equipment,"Dublin, Ireland",1957-03-04,0001551182,1911
EBAY,eBay Inc.,Consumer Discretionary,Broadline Retail,"San Jose, California",2002-07-22,0001065088,1995
ECL,Ecolab,Materials,Specialty Chemicals,"Saint Paul, Minnesota",1989-01-31,0000031462,1923
EIX,Edison International,Utilities,Electric Utilities,"Rosemead, California",1957-03-04,0000827052,1886
EW,Edwards Lifesciences,Health Care,Health Care Equipment,"Irvine, California",2011-04-01,0001099800,1958
EA,Electronic Arts,Communication Services,Interactive Home Entertainment,"Redwood City, California",2002-07-22,0000712515,1982
ELV,Elevance Health,Health Care,Managed Health Care,"Indianapolis, Indiana",2002-07-25,0001156039,2014 (1946)
EMR,Emerson Electric,Industrials,Electrical Components & Equipment,"Ferguson, Missouri",1965-03-31,0000032604,1890
ENPH,Enphase Energy,Information Technology,Semiconductor Materials & Equipment,"Fremont, California",2021-01-07,0001463101,2006
ETR,Entergy,Utilities,Electric Utilities,"New Orleans, Louisiana",1957-03-04,0000065984,1913
EOG,EOG Resources,Energy,Oil & Gas Exploration & Production,"Houston, Texas",2000-11-02,0000821189,1999
EPAM,EPAM Systems,Information Technology,IT Consulting & Other Services,"Newtown, Pennsylvania",2021-12-14,0001352010,1993
EQT,EQT Corporation,Energy,Oil & Gas Exploration & Production,"Pittsburgh, Pennsylvania",2022-10-03,0000033213,1888
EFX,Equifax,Industrials,Research & Consulting Services,"Atlanta, Georgia",1997-06-19,0000033185,1899
EQIX,Equinix,Real Estate,Data Center REITs,"Redwood City, California",2015-03-20,0001101239,1998
EQR,Equity Residential,Real Estate,Multi-Family Residential REITs,"Chicago, Illinois",2001-12-03,0000906107,1969
ERIE,Erie Indemnity,Financials,Insurance Brokers,"Erie, Pennsylvania",2024-09-23,0000922621,1925
ESS,Essex Property Trust,Real Estate,Multi-Family Residential REITs,"San Mateo, California",2014-04-02,0000920522,1971
EL,Estée Lauder Companies (The),Consumer Staples,Personal Care Products,"New York City, New York",2006-01-05,0001001250,1946
EG,Everest Group,Financials,Reinsurance,"Hamilton, Bermuda",2017-06-19,0001095073,1973
EVRG,Evergy,Utilities,Electric Utilities,"Kansas City, Missouri",2018-06-05,0001711269,1909
ES,Eversource Energy,Utilities,Electric Utilities,"Hartford, Connecticut",2009-07-24,0000072741,1966
EXC,Exelon,Utilities,Electric Utilities,"Chicago, Illinois",1957-03-04,0001109357,2000
EXE,Expand Energy,Energy,Oil & Gas Exploration & Production,"Oklahoma City, Oklahoma",2025-03-24,0000895126,1989
EXPE,Expedia Group,Consumer Discretionary,"Hotels, Resorts & Cruise Lines","Seattle, Washington",2007-10-02,0001324424,1996
EXPD,Expeditors International,Industrials,Air Freight & Logistics,"Seattle, Washington",2007-10-10,0000746515,1979
EXR,Extra Space Storage,Real Estate,Self-Storage REITs,"Salt Lake City, Utah",2016-01-19,0001289490,1977
XOM,ExxonMobil,Energy,Integrated Oil & Gas,"Irving, Texas",1957-03-04,0000034088,1999
FFIV,"F5, Inc.",Information Technology,Communications Equipment,"Seattle, Washington",2010-12-20,0001048695,1996
FDS,FactSet,Financials,Financial Exchanges & Data,"Norwalk, Connecticut",2021-12-20,0001013237,1978
FICO,Fair Isaac,Information Technology,Application Software,"Bozeman, Montana",2023-03-20,0000814547,1956
FAST,Fastenal,Industrials,Trading Companies & Distributors,"Winona, Minnesota",2008-09-15,0000815556,1967
FRT,Federal Realty Investment Trust,Real Estate,Retail REITs,"Rockville, Maryland",2016-02-01,0000034903,1962
FDX,FedEx,Industrials,Air Freight & Logistics,"Memphis, Tennessee",1980-12-31,0001048911,1971
FIS,Fidelity National Information Services,Financials,Transaction & Payment Processing Services,"Jacksonville, Florida",2006-11-10,0001136893,1968
FITB,Fifth Third Bancorp,Financials,Regional Banks,"Cincinnati, Ohio",1996-03-29,0000035527,1858
FSLR,First Solar,Information Technology,Semiconductors,"Tempe, Arizona",2022-12-19,0001274494,1999
FE,FirstEnergy,Utilities,Electric Utilities,"Akron, Ohio",1997-11-28,0001031296,1997
FI,Fiserv,Financials,Transaction & Payment Processing Services,"Brookfield, Wisconsin",2001-04-02,0000798354,1984
F,Ford Motor Company,Consumer Discretionary,Automobile Manufacturers,"Dearborn, Michigan",1957-03-04,0000037996,1903
FTNT,Fortinet,Information Technology,Systems Software,"Sunnyvale, California",2018-10-11,0001262039,2000
FTV,Fortive,Industrials,Industrial Machinery & Supplies & Components,"Everett, Washington",2016-07-01,0001659166,2016
FOXA,Fox Corporation(Class A),Communication Services,Broadcasting,"New York City, New York",2019-03-19,0001754301,2019
FOX,Fox Corporation(Class B),Communication Services,Broadcasting,"New York City, New York",2019-03-19,0001754301,2019
BEN,Franklin Resources,Financials,Asset Management & Custody Banks,"San Mateo, California",1998-04-30,0000038777,1947
FCX,Freeport-McMoRan,Materials,Copper,"Phoenix, Arizona",2011-07-01,0000831259,1912
GRMN,Garmin,Consumer Discretionary,Consumer Electronics,"Schaffhausen, Switzerland",2012-12-12,0001121788,1989
IT,Gartner,Information Technology,IT Consulting & Other Services,"Stamford, Connecticut",2017-04-05,0000749251,1979
GE,GE Aerospace,Industrials,Aerospace & Defense,"Evendale, Ohio",1957-03-04,0000040545,1892
GEHC,GE HealthCare,Health Care,Health Care Equipment,"Chicago, Illinois",2023-01-04,0001932393,1994
GEV,GE Vernova,Industrials,Heavy Electrical Equipment,"Cambridge, Massachusetts",2024-04-02,0001996810,2024
GEN,Gen Digital,Information Technology,Systems Software,"Tempe, Arizona",2003-03-25,0000849399,1982
GNRC,Generac,Industrials,Electrical Components & Equipment,"Waukesha, Wisconsin",2021-03-22,0001474735,1959
GD,General Dynamics,Industrials,Aerospace & Defense,"Falls Church, Virginia",1957-03-04,0000040533,1899
GIS,General Mills,Consumer Staples,Packaged Foods & Meats,"Golden Valley, Minnesota",1957-03-04,0000040704,1856
GM,General Motors,Consumer Discretionary,Automobile Manufacturers,"Detroit, Michigan",2013-06-06,0001467858,1908
GPC,Genuine Parts Company,Consumer Discretionary,Distributors,"Atlanta, Georgia",1973-12-31,0000040987,1925
GILD,Gilead Sciences,Health Care,Biotechnology,"Foster City, California",2004-07-01,0000882095,1987
GPN,Global Payments,Financials,Transaction & Payment Processing Services,"Atlanta, Georgia",2016-04-25,0001123360,2000
GL,Globe Life,Financials,Life & Health Insurance,"McKinney, Texas",1989-04-30,0000320335,1900
GDDY,GoDaddy,Information Technology,Internet Services & Infrastructure,"Tempe, Arizona",2024-06-24,0001609711,1997
GS,Goldman Sachs,Financials,Investment Banking & Brokerage,"New York City, New York",2002-07-22,0000886982,1869
HAL,Halliburton,Energy,Oil & Gas Equipment & Services,"Houston, Texas",1957-03-04,0000045012,1919
HIG,Hartford (The),Financials,Property & Casualty Insurance,"Hartford, Connecticut",1957-03-04,0000874766,1810
HAS,Hasbro,Consumer Discretionary,Leisure Products,"Pawtucket, Rhode Island",1984-09-30,0000046080,1923
HCA,HCA Healthcare,Health Care,Health Care Facilities,"Nashville, Tennessee",2015-01-27,0000860730,1968
DOC,Healthpeak Properties,Real Estate,Health Care REITs,"Denver, Colorado",2008-03-31,0000765880,1985
HSIC,Henry Schein,Health Care,Health Care Distributors,"Melville, New York",2015-03-17,0001000228,1932
HSY,Hershey Company (The),Consumer Staples,Packaged Foods & Meats,"Hershey, Pennsylvania",1957-03-04,0000047111,1894
HPE,Hewlett Packard Enterprise,Information Technology,"Technology Hardware, Storage & Peripherals","Houston, Texas",2015-11-02,0001645590,2015
HLT,Hilton Worldwide,Consumer Discretionary,"Hotels, Resorts & Cruise Lines","Tysons Corner, Virginia",2017-06-19,0001585689,1919
HOLX,Hologic,Health Care,Health Care Equipment,"Marlborough, Massachusetts",2016-03-30,0000859737,1985
HD,Home Depot (The),Consumer Discretionary,Home Improvement Retail,"Atlanta, Georgia",1988-03-31,0000354950,1978
HON,Honeywell,Industrials,Industrial Conglomerates,"Charlotte, North Carolina",1957-03-04,0000773840,1906
HRL,Hormel Foods,Consumer Staples,Packaged Foods & Meats,"Austin, Minnesota",2009-03-04,0000048465,1891
HST,Host Hotels & Resorts,Real Estate,Hotel & Resort REITs,"Bethesda, Maryland",2007-03-20,0001070750,1993
HWM,Howmet Aerospace,Industrials,Aerospace & Defense,"Pittsburgh, Pennsylvania",2016-10-21,0000004281,1888
HPQ,HP Inc.,Information Technology,"Technology Hardware, Storage & Peripherals","Palo Alto, California",1974-12-31,0000047217,1939 (2015)
HUBB,Hubbell Incorporated,Industrials,Industrial Machinery & Supplies & Components,"Shelton, Connecticut",2023-10-18,0000048898,1888
HUM,Humana,Health Care,Managed Health Care,"Louisville, Kentucky",2012-12-10,0000049071,1961
HBAN,Huntington Bancshares,Financials,Regional Banks,"Columbus, Ohio;Detroit, Michigan",1997-08-28,0000049196,1866
HII,Huntington Ingalls Industries,Industrials,Aerospace & Defense,"Newport News, Virginia",2018-01-03,0001501585,2011
IBM,IBM,Information Technology,IT Consulting & Other Services,"Armonk, New York",1957-03-04,0000051143,1911
IEX,IDEX Corporation,Industrials,Industrial Machinery & Supplies & Components,"Lake Forest, Illinois",2019-08-09,0000832101,1988
IDXX,Idexx Laboratories,Health Care,Health Care Equipment,"Westbrook, Maine",2017-01-05,0000874716,1983
ITW,Illinois Tool Works,Industrials,Industrial Machinery & Supplies & Components,"Glenview, Illinois",1986-02-28,0000049826,1912
INCY,Incyte,Health Care,Biotechnology,"Wilmington, Delaware",2017-02-28,0000879169,1991
IR,Ingersoll Rand,Industrials,Industrial Machinery & Supplies & Components,"Davidson, North Carolina",2020-03-03,0001699150,1859
PODD,Insulet Corporation,Health Care,Health Care Equipment,"Acton, Massachusetts",2023-03-15,0001145197,2000
INTC,Intel,Information Technology,Semiconductors,"Santa Clara, California",1976-12-31,0000050863,1968
ICE,Intercontinental Exchange,Financials,Financial Exchanges & Data,"Atlanta, Georgia",2007-09-26,0001571949,2000
IFF,International Flavors & Fragrances,Materials,Specialty Chemicals,"New York City, New York",1976-03-31,0000051253,1958 (1889)
IP,International Paper,Materials,Paper & Plastic Packaging Products & Materials,"Memphis, Tennessee",1957-03-04,0000051434,1898
IPG,Interpublic Group of Companies (The),Communication Services,Advertising,"New York City, New York",1992-10-01,0000051644,1961 (1930)
INTU,Intuit,Information Technology,Application Software,"Mountain View, California",2000-12-05,0000896878,1983
ISRG,Intuitive Surgical,Health Care,Health Care Equipment,"Sunnyvale, California",2008-06-02,0001035267,1995
IVZ,Invesco,Financials,Asset Management & Custody Banks,"Atlanta, Georgia",2008-08-21,0000914208,1935
INVH,Invitation Homes,Real Estate,Single-Family Residential REITs,"Dallas, Texas",2022-09-19,0001687229,2012
IQV,IQVIA,Health Care,Life Sciences Tools & Services,"Durham, North Carolina",2017-08-29,0001478242,1982
IRM,Iron Mountain,Real Estate,Other Specialized REITs,"Boston, Massachusetts",2009-01-06,0001020569,1951
JBHT,J.B. Hunt,Industrials,Cargo Ground Transportation,"Lowell, Arkansas",2015-07-01,0000728535,1961
JBL,Jabil,Information Technology,Electronic Manufacturing Services,"St. Petersburg, Florida",2023-12-18,0000898293,1966
JKHY,Jack Henry & Associates,Financials,Transaction & Payment Processing Services,"Monett, Missouri",2018-11-13,0000779152,1976
J,Jacobs Solutions,Industrials,Construction & Engineering,"Dallas, Texas",2007-10-26,0000052988,1947
JNJ,Johnson & Johnson,Health Care,Pharmaceuticals,"New Brunswick, New Jersey",1973-06-30,0000200406,1886
JCI,Johnson Controls,Industrials,Building Products,"Cork, Ireland",2010-08-27,0000833444,1885
JPM,JPMorgan Chase,Financials,Diversified Banks,"New York City, New York",1975-06-30,0000019617,2000 (1799 / 1871)
K,Kellanova,Consumer Staples,Packaged Foods & Meats,"Chicago, Illinois",1989-09-11,0000055067,1906
KVUE,Kenvue,Consumer Staples,Personal Care Products,"Skillman, New Jersey",2023-08-25,0001944048,2022 (Johnson & Johnsonspinoff)
KDP,Keurig Dr Pepper,Consumer Staples,Soft Drinks & Non-alcoholic Beverages,"Burlington, Massachusetts",2022-06-21,0001418135,1981
KEY,KeyCorp,Financials,Regional Banks,"Cleveland, Ohio",1994-03-01,0000091576,1825
KEYS,Keysight Technologies,Information Technology,Electronic Equipment & Instruments,"Santa Rosa, California",2018-11-06,0001601046,2014 (1939)
KMB,Kimberly-Clark,Consumer Staples,Household Products,"Irving, Texas",1957-03-04,0000055785,1872
KIM,Kimco Realty,Real Estate,Retail REITs,"Jericho, New York",2006-04-04,0000879101,1958
KMI,Kinder Morgan,Energy,Oil & Gas Storage & Transportation,"Houston, Texas",2012-05-25,0001506307,1997
KKR,KKR & Co.,Financials,Asset Management & Custody Banks,"New York City, New York",2024-06-24,0001404912,1976
KLAC,KLA Corporation,Information Technology,Semiconductor Materials & Equipment,"Milpitas, California",1997-09-30,0000319201,1975/1977 (1997)
KHC,Kraft Heinz,Consumer Staples,Packaged Foods & Meats,"Chicago, Illinois;Pittsburgh, Pennsylvania",2015-07-06,0001637459,2015 (1869)
KR,Kroger,Consumer Staples,Food Retail,"Cincinnati, Ohio",1957-03-04,0000056873,1883
LHX,L3Harris,Industrials,Aerospace & Defense,"Melbourne, Florida",2008-09-22,0000202058,"2019 (L31997,Harris1895)"
LH,Labcorp,Health Care,Health Care Services,"Burlington, North Carolina",2004-11-01,0000920148,1978
LRCX,Lam Research,Information Technology,Semiconductor Materials & Equipment,"Fremont, California",2012-06-29,0000707549,1980
LW,Lamb Weston,Consumer Staples,Packaged Foods & Meats,"Eagle, Idaho",2018-12-03,0001679273,2016 (1950)
LVS,Las Vegas Sands,Consumer Discretionary,Casinos & Gaming,"Las Vegas, Nevada",2019-10-03,0001300514,1988
LDOS,Leidos,Industrials,Diversified Support Services,"Reston, Virginia",2019-08-09,0001336920,1969
LEN,Lennar,Consumer Discretionary,Homebuilding,"Miami, Florida",2005-10-04,0000920760,1954
LII,Lennox International,Industrials,Building Products,"Richardson, Texas",2024-12-23,0001069202,1895
LLY,Lilly (Eli),Health Care,Pharmaceuticals,"Indianapolis, Indiana",1970-12-31,0000059478,1876
LIN,Linde plc,Materials,Industrial Gases,"Guildford, United Kingdom",1992-07-01,0001707925,1879
LYV,Live Nation Entertainment,Communication Services,Movies & Entertainment,"Beverly Hills, California",2019-12-23,0001335258,2010
LKQ,LKQ Corporation,Consumer Discretionary,Distributors,"Chicago, Illinois",2016-05-23,0001065696,1998
LMT,Lockheed Martin,Industrials,Aerospace & Defense,"Bethesda, Maryland",1957-03-04,0000936468,1995
L,Loews Corporation,Financials,Multi-line Insurance,"New York City, New York",1995-05-31,0000060086,1959
LOW,Lowe's,Consumer Discretionary,Home Improvement Retail,"Mooresville, North Carolina",1984-02-29,0000060667,1904/1946/1959
LULU,Lululemon Athletica,Consumer Discretionary,"Apparel, Accessories & Luxury Goods","Vancouver, Canada",2023-10-18,0001397187,1998
LYB,LyondellBasell,Materials,Specialty Chemicals,"Rotterdam, Netherlands",2012-09-05,0001489393,2007
MTB,M&T Bank,Financials,Regional Banks,"Buffalo, New York",2004-02-23,0000036270,1856
MPC,Marathon Petroleum,Energy,Oil & Gas Refining & Marketing,"Findlay, Ohio",2011-07-01,0001510295,2009 (1887)
MKTX,MarketAxess,Financials,Financial Exchanges & Data,"New York City, New York",2019-07-01,0001278021,2000
MAR,Marriott International,Consumer Discretionary,"Hotels, Resorts & Cruise Lines","Bethesda, Maryland",1998-05-29,0001048286,1927
MMC,Marsh McLennan,Financials,Insurance Brokers,"New York City, New York",1987-08-31,0000062709,1905
MLM,Martin Marietta Materials,Materials,Construction Materials,"Raleigh, North Carolina",2014-07-02,0000916076,1993
MAS,Masco,Industrials,Building Products,"Livonia, Michigan",1981-06-30,0000062996,1929
MA,Mastercard,Financials,Transaction & Payment Processing Services,"Harrison, New York",2008-07-18,0001141391,1966
MTCH,Match Group,Communication Services,Interactive Media & Services,"Dallas, Texas",2021-09-20,0000891103,1986
MKC,McCormick & Company,Consumer Staples,Packaged Foods & Meats,"Hunt Valley, Maryland",2003-03-20,0000063754,1889
MCD,McDonald's,Consumer Discretionary,Restaurants,"Chicago, Illinois",1970-06-30,0000063908,1940
MCK,McKesson Corporation,Health Care,Health Care Distributors,"Irving, Texas",1999-01-13,0000927653,1833
MDT,Medtronic,Health Care,Health Care Equipment,"Dublin, Ireland",1986-10-31,0001613103,1949
MRK,Merck & Co.,Health Care,Pharmaceuticals,"Kenilworth, New Jersey",1957-03-04,0000310158,1891
META,Meta Platforms,Communication Services,Interactive Media & Services,"Menlo Park, California",2013-12-23,0001326801,2004
MET,MetLife,Financials,Life & Health Insurance,"New York City, New York",2000-12-11,0001099219,1868
MTD,Mettler Toledo,Health Care,Life Sciences Tools & Services,"Columbus, Ohio",2016-09-06,0001037646,1945
MGM,MGM Resorts,Consumer Discretionary,Casinos & Gaming,"Paradise, Nevada",2017-07-26,0000789570,1986
MCHP,Microchip Technology,Information Technology,Semiconductors,"Chandler, Arizona",2007-09-07,0000827054,1989
MU,Micron Technology,Information Technology,Semiconductors,"Boise, Idaho",1994-09-27,0000723125,1978
MSFT,Microsoft,Information Technology,Systems Software,"Redmond, Washington",1994-06-01,0000789019,1975
MAA,Mid-America Apartment Communities,Real Estate,Multi-Family Residential REITs,"Memphis, Tennessee",2016-12-02,0000912595,1977
MRNA,Moderna,Health Care,Biotechnology,"Cambridge, Massachusetts",2021-07-21,0001682852,2010
MHK,Mohawk Industries,Consumer Discretionary,Home Furnishings,"Calhoun, Georgia",2013-12-23,0000851968,1878
MOH,Molina Healthcare,Health Care,Managed Health Care,"Long Beach, California",2022-03-02,0001179929,1980
TAP,Molson Coors Beverage Company,Consumer Staples,Brewers,"Chicago, Illinois",1976-06-30,0000024545,"2005 (Molson 1786, Coors 1873)"
MDLZ,Mondelez International,Consumer Staples,Packaged Foods & Meats,"Chicago, Illinois",2012-10-02,0001103982,2012
MPWR,Monolithic Power Systems,Information Technology,Semiconductors,"Kirkland, Washington",2021-02-12,0001280452,1997
MNST,Monster Beverage,Consumer Staples,Soft Drinks & Non-alcoholic Beverages,"Corona, California",2012-06-28,0000865752,2012 (1935)
MCO,Moody's Corporation,Financials,Financial Exchanges & Data,"New York City, New York",1998-07-01,0001059556,1909
MS,Morgan Stanley,Financials,Investment Banking & Brokerage,"New York City, New York",1993-07-29,0000895421,1935
MOS,Mosaic Company (The),Materials,Fertilizers & Agricultural Chemicals,"Tampa, Florida",2011-09-26,0001285785,2004 (1865 / 1909)
MSI,Motorola Solutions,Information Technology,Communications Equipment,"Chicago, Illinois",1957-03-04,0000068505,1928 (2011)
MSCI,MSCI Inc.,Financials,Financial Exchanges & Data,"New York City, New York",2018-04-04,0001408198,1969
NDAQ,"Nasdaq, Inc.",Financials,Financial Exchanges & Data,"New York City, New York",2008-10-22,0001120193,1971
NTAP,NetApp,Information Technology,"Technology Hardware, Storage & Peripherals","San Jose, California",1999-06-25,0001002047,1992
NFLX,Netflix,Communication Services,Movies & Entertainment,"Los Gatos, California",2010-12-20,0001065280,1997
NEM,Newmont,Materials,Gold,"Denver, Colorado",1969-06-30,0001164727,1921
NWSA,News Corp(Class A),Communication Services,Publishing,"New York City, New York",2013-08-01,0001564708,2013 (News Corporation1980)
NWS,News Corp(Class B),Communication Services,Publishing,"New York City, New York",2015-09-18,0001564708,2013 (News Corporation1980)
NEE,NextEra Energy,Utilities,Multi-Utilities,"Juno Beach, Florida",1976-06-30,0000753308,1984 (1925)
NKE,"Nike, Inc.",Consumer Discretionary,"Apparel, Accessories & Luxury Goods","Washington County, Oregon",1988-11-30,0000320187,1964
NI,NiSource,Utilities,Multi-Utilities,"Merrillville, Indiana",2000-11-02,0001111711,1912
NDSN,Nordson Corporation,Industrials,Industrial Machinery & Supplies & Components,"Westlake, Ohio",2022-02-15,0000072331,1935
NSC,Norfolk Southern,Industrials,Rail Transportation,"Atlanta, Georgia",1957-03-04,0000702165,1881/1894 (1980)
NTRS,Northern Trust,Financials,Asset Management & Custody Banks,"Chicago, Illinois",1998-01-30,0000073124,1889
NOC,Northrop Grumman,Industrials,Aerospace & Defense,"West Falls Church, Virginia",1957-03-04,0001133421,"1994 (Northrop 1939, Grumman 1930)"
NCLH,Norwegian Cruise Line Holdings,Consumer Discretionary,"Hotels, Resorts & Cruise Lines","Miami, Florida",2017-10-13,0001513761,2011 (1966)
NRG,NRG Energy,Utilities,Independent Power Producers & Energy Traders,"Houston, Texas",2010-01-29,0001013871,1992
NUE,Nucor,Materials,Steel,"Charlotte, North Carolina",1985-04-30,0000073309,1940
NVDA,Nvidia,Information Technology,Semiconductors,"Santa Clara, California",2001-11-30,0001045810,1993
NVR,"NVR, Inc.",Consumer Discretionary,Homebuilding,"Reston, Virginia",2019-09-26,0000906163,1980
NXPI,NXP Semiconductors,Information Technology,Semiconductors,"Eindhoven, Netherlands",2021-03-22,0001413447,1953
ORLY,O’Reilly Automotive,Consumer Discretionary,Automotive Retail,"Springfield, Missouri",2009-03-27,0000898173,1957
OXY,Occidental Petroleum,Energy,Oil & Gas Exploration & Production,"Houston, Texas",1957-03-04,0000797468,1920
ODFL,Old Dominion,Industrials,Cargo Ground Transportation,"Thomasville, North Carolina",2019-12-09,0000878927,1934
OMC,Omnicom Group,Communication Services,Advertising,"New York City, New York",1997-12-31,0000029989,1986
ON,ON Semiconductor,Information Technology,Semiconductors,"Phoenix, Arizona",2022-06-21,0001097864,1999
OKE,Oneok,Energy,Oil & Gas Storage & Transportation,"Tulsa, Oklahoma",2010-03-15,0001039684,1906
ORCL,Oracle Corporation,Information Technology,Application Software,"Austin, Texas",1989-08-31,0001341439,1977
OTIS,Otis Worldwide,Industrials,Industrial Machinery & Supplies & Components,"Farmington, Connecticut",2020-04-03,0001781335,"2020 (1853,United Technologiesspinoff)"
PCAR,Paccar,Industrials,Construction Machinery & Heavy Transportation Equipment,"Bellevue, Washington",1980-12-31,0000075362,1905
PKG,Packaging Corporation of America,Materials,Paper & Plastic Packaging Products & Materials,"Lake Forest, Illinois",2017-07-26,0000075677,1959
PLTR,Palantir Technologies,Information Technology,Application Software,"Denver, Colorado",2024-09-23,0001321655,2003
PANW,Palo Alto Networks,Information Technology,Systems Software,"Santa Clara, California",2023-06-20,0001327567,2005
PSKY,Paramount Skydance Corporation,Communication Services,Movies & Entertainment,"Los Angeles, California",1994-09-30,0002041610,2025 (Paramount Pictures1912)
PH,Parker Hannifin,Industrials,Industrial Machinery & Supplies & Components,"Cleveland, Ohio",1985-11-30,0000076334,1917
PAYX,Paychex,Industrials,Human Resource & Employment Services,"Penfield, New York",1998-10-01,0000723531,1971
PAYC,Paycom,Industrials,Human Resource & Employment Services,"Oklahoma City, Oklahoma",2020-01-28,0001590955,1998
PYPL,PayPal,Financials,Transaction & Payment Processing Services,"San Jose, California",2015-07-20,0001633917,1998
PNR,Pentair,Industrials,Industrial Machinery & Supplies & Components,"Worsley, United Kingdom",2012-10-01,0000077360,1966
PEP,PepsiCo,Consumer Staples,Soft Drinks & Non-alcoholic Beverages,"Purchase, New York",1957-03-04,0000077476,1898
PFE,Pfizer,Health Care,Pharmaceuticals,"New York City, New York",1957-03-04,0000078003,1849
PCG,PG&E Corporation,Utilities,Multi-Utilities,"Oakland, California",2022-10-03,0001004980,1905
PM,Philip Morris International,Consumer Staples,Tobacco,"New York City, New York",2008-03-31,0001413329,2008 (1847)
PSX,Phillips 66,Energy,Oil & Gas Refining & Marketing,"Houston, Texas",2012-05-01,0001534701,2012 (1917)
PNW,Pinnacle West Capital,Utilities,Multi-Utilities,"Phoenix, Arizona",1999-10-04,0000764622,1985
PNC,PNC Financial Services,Financials,Diversified Banks,"Pittsburgh, Pennsylvania",1988-04-30,0000713676,1845
POOL,Pool Corporation,Consumer Discretionary,Distributors,"Covington, Louisiana",2020-10-07,0000945841,1993
PPG,PPG Industries,Materials,Specialty Chemicals,"Pittsburgh, Pennsylvania",1957-03-04,0000079879,1883
PPL,PPL Corporation,Utilities,Electric Utilities,"Allentown, Pennsylvania",2001-10-01,0000922224,1920
PFG,Principal Financial Group,Financials,Life & Health Insurance,"Des Moines, Iowa",2002-07-22,0001126328,1879
PG,Procter & Gamble,Consumer Staples,Personal Care Products,"Cincinnati, Ohio",1957-03-04,0000080424,1837
PGR,Progressive Corporation,Financials,Property & Casualty Insurance,"Mayfield Village, Ohio",1997-08-04,0000080661,1937
PLD,Prologis,Real Estate,Industrial REITs,"San Francisco, California",2003-07-17,0001045609,1983
PRU,Prudential Financial,Financials,Life & Health Insurance,"Newark, New Jersey",2002-07-22,0001137774,1875
PEG,Public Service Enterprise Group,Utilities,Electric Utilities,"Newark, New Jersey",1957-03-04,0000788784,1903
PTC,PTC Inc.,Information Technology,Application Software,"Boston, Massachusetts",2021-04-20,0000857005,1985
PSA,Public Storage,Real Estate,Self-Storage REITs,"Glendale, California",2005-08-19,0001393311,1972
PHM,PulteGroup,Consumer Discretionary,Homebuilding,"Atlanta, Georgia",1984-04-30,0000822416,1956
PWR,Quanta Services,Industrials,Construction & Engineering,"Houston, Texas",2009-07-01,0001050915,1997
QCOM,Qualcomm,Information Technology,Semiconductors,"San Diego, California",1999-07-22,0000804328,1985
DGX,Quest Diagnostics,Health Care,Health Care Services,"Secaucus, New Jersey",2002-12-12,0001022079,1967
RL,Ralph Lauren Corporation,Consumer Discretionary,"Apparel, Accessories & Luxury Goods","New York City, New York",2007-02-02,0001037038,1967
RJF,Raymond James Financial,Financials,Investment Banking & Brokerage,"St. Petersburg, Florida",2017-03-20,0000720005,1962
RTX,RTX Corporation,Industrials,Aerospace & Defense,"Waltham, Massachusetts",1957-03-04,0000101829,1922
O,Realty Income,Real Estate,Retail REITs,"San Diego, California",2015-04-07,0000726728,1969
REG,Regency Centers,Real Estate,Retail REITs,"Jacksonville, Florida",2017-03-02,0000910606,1963
REGN,Regeneron Pharmaceuticals,Health Care,Biotechnology,"Tarrytown, New York",2013-05-01,0000872589,1988
RF,Regions Financial Corporation,Financials,Regional Banks,"Birmingham, Alabama",1998-08-28,0001281761,1971
RSG,Republic Services,Industrials,Environmental & Facilities Services,"Phoenix, Arizona",2008-12-05,0001060391,1998 (1981)
RMD,ResMed,Health Care,Health Care Equipment,"San Diego, California",2017-07-26,0000943819,1989
RVTY,Revvity,Health Care,Health Care Equipment,"Waltham, Massachusetts",1985-05-31,0000031791,1937
ROK,Rockwell Automation,Industrials,Electrical Components & Equipment,"Milwaukee, Wisconsin",2000-03-12,0001024478,1903
ROL,"Rollins, Inc.",Industrials,Environmental & Facilities Services,"Atlanta, Georgia",2018-10-01,0000084839,1948
ROP,Roper Technologies,Information Technology,Electronic Equipment & Instruments,"Sarasota, Florida",2009-12-23,0000882835,1981
ROST,Ross Stores,Consumer Discretionary,Apparel Retail,"Dublin, California",2009-12-21,0000745732,1982
RCL,Royal Caribbean Group,Consumer Discretionary,"Hotels, Resorts & Cruise Lines","Miami, Florida",2014-12-05,0000884887,1997
SPGI,S&P Global,Financials,Financial Exchanges & Data,"New York City, New York",1957-03-04,0000064040,1917
CRM,Salesforce,Information Technology,Application Software,"San Francisco, California",2008-09-15,0001108524,1999
SBAC,SBA Communications,Real Estate,Telecom Tower REITs,"Boca Raton, Florida",2017-09-01,0001034054,1989
SLB,Schlumberger,Energy,Oil & Gas Equipment & Services,"Houston, Texas",1957-03-04,0000087347,1926
STX,Seagate Technology,Information Technology,"Technology Hardware, Storage & Peripherals","Dublin, Ireland",2012-07-02,0001137789,1979
SRE,Sempra,Utilities,Multi-Utilities,"San Diego, California",2017-03-17,0001032208,1998
NOW,ServiceNow,Information Technology,Systems Software,"Santa Clara, California",2019-11-21,0001373715,2003
SHW,Sherwin-Williams,Materials,Specialty Chemicals,"Cleveland, Ohio",1964-06-30,0000089800,1866
SPG,Simon Property Group,Real Estate,Retail REITs,"Indianapolis, Indiana",2002-06-26,0001063761,2003
SWKS,Skyworks Solutions,Information Technology,Semiconductors,"Irvine, California",2015-03-12,0000004127,2002
SJM,J.M. Smucker Company (The),Consumer Staples,Packaged Foods & Meats,"Orrville, Ohio",2008-11-06,0000091419,1897
SW,Smurfit Westrock,Materials,Paper & Plastic Packaging Products & Materials,"Dublin, Ireland",2024-07-08,0002005951,1934
SNA,Snap-on,Industrials,Industrial Machinery & Supplies & Components,"Kenosha, Wisconsin",1982-09-30,0000091440,1920
SOLV,Solventum,Health Care,Health Care Technology,"Saint Paul, Minnesota",2024-04-01,0001964738,2023
SO,Southern Company,Utilities,Electric Utilities,"Atlanta, Georgia",1957-03-04,0000092122,1945
LUV,Southwest Airlines,Industrials,Passenger Airlines,"Dallas, Texas",1994-07-01,0000092380,1967
SWK,Stanley Black & Decker,Industrials,Industrial Machinery & Supplies & Components,"New Britain, Connecticut",1982-09-30,0000093556,1843
SBUX,Starbucks,Consumer Discretionary,Restaurants,"Seattle, Washington",2000-06-07,0000829224,1971
STT,State Street Corporation,Financials,Asset Management & Custody Banks,"Boston, Massachusetts",2003-03-14,0000093751,1792
STLD,Steel Dynamics,Materials,Steel,"Fort Wayne, Indiana",2022-12-22,0001022671,1993
STE,Steris,Health Care,Health Care Equipment,"Dublin, Ireland",2019-12-23,0001757898,1985
SYK,Stryker Corporation,Health Care,Health Care Equipment,"Kalamazoo, Michigan",2000-12-12,0000310764,1941
SMCI,Supermicro,Information Technology,"Technology Hardware, Storage & Peripherals","San Jose, California",2024-03-18,0001375365,1993
SYF,Synchrony Financial,Financials,Consumer Finance,"Stamford, Connecticut",2015-11-18,0001601712,2003
SNPS,Synopsys,Information Technology,Application Software,"Sunnyvale, California",2017-03-16,0000883241,1986
SYY,Sysco,Consumer Staples,Food Distributors,"Houston, Texas",1986-12-31,0000096021,1969
TMUS,T-Mobile US,Communication Services,Wireless Telecommunication Services,"Bellevue, Washington",2019-07-15,0001283699,1994
TROW,T. Rowe Price,Financials,Asset Management & Custody Banks,"Baltimore, Maryland",2019-07-29,0001113169,1937
TTWO,Take-Two Interactive,Communication Services,Interactive Home Entertainment,"New York City, New York",2018-03-19,0000946581,1993
TPR,"Tapestry, Inc.",Consumer Discretionary,"Apparel, Accessories & Luxury Goods","New York City, New York",2004-09-01,0001116132,2017
TRGP,Targa Resources,Energy,Oil & Gas Storage & Transportation,"Houston, Texas",2022-10-12,0001389170,2005
TGT,Target Corporation,Consumer Staples,Consumer Staples Merchandise Retail,"Minneapolis, Minnesota",1976-12-31,0000027419,1902
TEL,TE Connectivity,Information Technology,Electronic Manufacturing Services,"Galway, Ireland",2011-10-17,0001385157,2007
TDY,Teledyne Technologies,Information Technology,Electronic Equipment & Instruments,"Thousand Oaks, California",2020-06-22,0001094285,1960
TER,Teradyne,Information Technology,Semiconductor Materials & Equipment,"North Reading, Massachusetts",2020-09-21,0000097210,1960
TSLA,"Tesla, Inc.",Consumer Discretionary,Automobile Manufacturers,"Austin, Texas",2020-12-21,0001318605,2003
TXN,Texas Instruments,Information Technology,Semiconductors,"Dallas, Texas",2001-03-12,0000097476,1930
TPL,Texas Pacific Land Corporation,Energy,Oil & Gas Exploration & Production,"Dallas, Texas",2024-11-26,0001811074,1888
TXT,Textron,Industrials,Aerospace & Defense,"Providence, Rhode Island",1978-12-31,0000217346,1923
TMO,Thermo Fisher Scientific,Health Care,Life Sciences Tools & Services,"Waltham, Massachusetts",2004-08-03,0000097745,2006 (1902)
TJX,TJX Companies,Consumer Discretionary,Apparel Retail,"Framingham, Massachusetts",1985-09-30,0000109198,1987
TKO,TKO Group Holdings,Communication Services,Movies & Entertainment,"New York City, New York",2025-03-24,0001973266,2023
TTD,Trade Desk (The),Communication Services,Advertising,"Ventura, California",2025-07-18,0001671933,2009
TSCO,Tractor Supply,Consumer Discretionary,Other Specialty Retail,"Brentwood, Tennessee",2014-01-24,0000916365,1938
TT,Trane Technologies,Industrials,Building Products,"Dublin, Ireland",2010-11-17,0001466258,1871
TDG,TransDigm Group,Industrials,Aerospace & Defense,"Cleveland, Ohio",2016-06-03,0001260221,1993
TRV,Travelers Companies (The),Financials,Property & Casualty Insurance,"New York City, New York",2002-08-21,0000086312,1853
TRMB,Trimble Inc.,Information Technology,Electronic Equipment & Instruments,"Westminster, Colorado",2021-01-21,0000864749,1978
TFC,Truist Financial,Financials,Diversified Banks,"Charlotte, North Carolina",1997-12-04,0000092230,1872
TYL,Tyler Technologies,Information Technology,Application Software,"Plano, Texas",2020-06-22,0000860731,1966
TSN,Tyson Foods,Consumer Staples,Packaged Foods & Meats,"Springdale, Arkansas",2005-08-10,0000100493,1935
USB,U.S. Bancorp,Financials,Diversified Banks,"Minneapolis, Minnesota",1999-11-01,0000036104,1968
UBER,Uber,Industrials,Passenger Ground Transportation,"San Francisco, California",2023-12-18,0001543151,2009
UDR,"UDR, Inc.",Real Estate,Multi-Family Residential REITs,"Highlands Ranch, Colorado",2016-03-07,0000074208,1972
ULTA,Ulta Beauty,Consumer Discretionary,Other Specialty Retail,"Bolingbrook, Illinois",2016-04-18,0001403568,1990
UNP,Union Pacific Corporation,Industrials,Rail Transportation,"Omaha, Nebraska",1957-03-04,0000100885,1862
UAL,United Airlines Holdings,Industrials,Passenger Airlines,"Chicago, Illinois",2015-09-03,0000100517,1967
UPS,United Parcel Service,Industrials,Air Freight & Logistics,"Sandy Springs, Georgia",2002-07-22,0001090727,1907
URI,United Rentals,Industrials,Trading Companies & Distributors,"Stamford, Connecticut",2014-09-20,0001067701,1997
UNH,UnitedHealth Group,Health Care,Managed Health Care,"Minnetonka, Minnesota",1994-07-01,0000731766,1977
UHS,Universal Health Services,Health Care,Health Care Facilities,"King of Prussia, Pennsylvania",2014-09-20,0000352915,1979
VLO,Valero Energy,Energy,Oil & Gas Refining & Marketing,"San Antonio, Texas",2002-12-20,0001035002,1980
VTR,Ventas,Real Estate,Health Care REITs,"Chicago, Illinois",2009-03-04,0000740260,1998
VLTO,Veralto,Industrials,Environmental & Facilities Services,"Waltham, Massachusetts",2023-10-02,0001967680,2023
VRSN,Verisign,Information Technology,Internet Services & Infrastructure,"Dulles, Virginia",2006-02-01,0001014473,1995
VRSK,Verisk Analytics,Industrials,Research & Consulting Services,"Jersey City, New Jersey",2015-10-08,0001442145,1971
VZ,Verizon,Communication Services,Integrated Telecommunication Services,"New York City, New York",1983-11-30,0000732712,1983 (1877)
VRTX,Vertex Pharmaceuticals,Health Care,Biotechnology,"Boston, Massachusetts",2013-09-23,0000875320,1989
VTRS,Viatris,Health Care,Pharmaceuticals,"Pittsburgh, Pennsylvania",2004-04-23,0001792044,1961
VICI,Vici Properties,Real Estate,Hotel & Resort REITs,"New York City, New York",2022-06-08,0001705696,2017
V,Visa Inc.,Financials,Transaction & Payment Processing Services,"San Francisco, California",2009-12-21,0001403161,1958
VST,Vistra Corp.,Utilities,Electric Utilities,"Irving, Texas",2024-05-08,0001692819,2016
VMC,Vulcan Materials Company,Materials,Construction Materials,"Birmingham, Alabama",1999-06-30,0001396009,1909
WRB,W. R. Berkley Corporation,Financials,Property & Casualty Insurance,"Greenwich, Connecticut",2019-12-05,0000011544,1967
GWW,W. W. Grainger,Industrials,Industrial Machinery & Supplies & Components,"Lake Forest, Illinois",1981-06-30,0000277135,1927
WAB,Wabtec,Industrials,Construction Machinery & Heavy Transportation Equipment,"Pittsburgh, Pennsylvania",2019-02-27,0000943452,1999 (1869)
WBA,Walgreens Boots Alliance,Consumer Staples,Drug Retail,"Deerfield, Illinois",1979-12-31,0001618921,2014
WMT,Walmart,Consumer Staples,Consumer Staples Merchandise Retail,"Bentonville, Arkansas",1982-08-31,0000104169,1962
DIS,Walt Disney Company (The),Communication Services,Movies & Entertainment,"Burbank, California",1976-06-30,0001744489,1923
WBD,Warner Bros. Discovery,Communication Services,Broadcasting,"New York City, New York",2022-04-11,0001437107,2022 (Warner Bros.1923)
WM,Waste Management,Industrials,Environmental & Facilities Services,"Houston, Texas",1998-08-31,0000823768,1968
WAT,Waters Corporation,Health Care,Life Sciences Tools & Services,"Milford, Massachusetts",2002-01-02,0001000697,1958
WEC,WEC Energy Group,Utilities,Electric Utilities,"Milwaukee, Wisconsin",2008-10-31,0000783325,1896
WFC,Wells Fargo,Financials,Diversified Banks,"San Francisco, California",1976-06-30,0000072971,1852
WELL,Welltower,Real Estate,Health Care REITs,"Toledo, Ohio",2009-01-30,0000766704,1970
WST,West Pharmaceutical Services,Health Care,Health Care Supplies,"Exton, Pennsylvania",2020-05-22,0000105770,1923
WDC,Western Digital,Information Technology,"Technology Hardware, Storage & Peripherals","San Jose, California",2009-07-01,0000106040,1970
WY,Weyerhaeuser,Real Estate,Timber REITs,"Seattle, Washington",1979-10-01,0000106535,1900
WSM,"Williams-Sonoma, Inc.",Consumer Discretionary,Homefurnishing Retail,"San Francisco, California",2025-03-24,0000719955,1956
WMB,Williams Companies,Energy,Oil & Gas Storage & Transportation,"Tulsa, Oklahoma",1975-03-31,0000107263,1908
WTW,Willis Towers Watson,Financials,Insurance Brokers,"London, United Kingdom",2016-01-05,0001140536,2016
WDAY,"Workday, Inc.",Information Technology,Application Software,"Pleasanton, California",2024-12-23,0001327811,2005
WYNN,Wynn Resorts,Consumer Discretionary,Casinos & Gaming,"Paradise, Nevada",2008-11-14,0001174922,2002
XEL,Xcel Energy,Utilities,Multi-Utilities,"Minneapolis, Minnesota",1957-03-04,0000072903,1909
XYL,Xylem Inc.,Industrials,Industrial Machinery & Supplies & Components,"White Plains, New York",2011-11-01,0001524472,2011
YUM,Yum! Brands,Consumer Discretionary,Restaurants,"Louisville, Kentucky",1997-10-06,0001041061,1997
ZBRA,Zebra Technologies,Information Technology,Electronic Equipment & Instruments,"Lincolnshire, Illinois",2019-12-23,0000877212,1969
ZBH,Zimmer Biomet,Health Care,Health Care Equipment,"Warsaw, Indiana",2001-08-07,0001136869,1927
ZTS,Zoetis,Health Care,Pharmaceuticals,"Parsippany, New Jersey",2013-06-21,0001555280,1952
Date,Added,Removed,Reason,,,,
Ticker,Security,Ticker,Security,,,,
"July 23, 2025",XYZ,"Block, Inc.",HES,Hess Corporation,S&P 500 and S&P 100 constituent Chevron Corp. acquired Hess Corp.[4],,
"July 18, 2025",TTD,Trade Desk (The),ANSS,Ansys,S&P 500 constituent Synopsys Inc. acquired Ansys.[5],,
"July 9, 2025",DDOG,Datadog,JNPR,Juniper Networks,S&P 500 constituent Hewlett Packard Enterprise Co. acquired Juniper Networks.[6],,
"May 19, 2025",COIN,Coinbase,DFS,Discover Financial,S&P 500 constituent Capital One Financial Corp. acquired Discover Financial Services.[7],,
"March 24, 2025",DASH,DoorDash,BWA,BorgWarner,Market capitalization change.[8],,
"March 24, 2025",TKO,TKO Group Holdings,TFX,Teleflex,Market capitalization change.[8],,
"March 24, 2025",WSM,"Williams-Sonoma, Inc.",CE,Celanese,Market capitalization change.[8],,
"March 24, 2025",EXE,Expand Energy,FMC,FMC Corporation,Market capitalization change.[8],,
"December 23, 2024",APO,Apollo Global Management,QRVO,Qorvo,Market capitalization change.[9],,
"December 23, 2024",WDAY,"Workday, Inc.",AMTM,Amentum,Market capitalization change.[9],,
"December 23, 2024",LII,Lennox International,CTLT,Catalent,Novo Holdings A/Sacquired Catalent.[10],,
"November 26, 2024",TPL,Texas Pacific Land Corporation,MRO,Marathon Oil,S&P 500 & 100 constituent ConocoPhillips acquired Marathon Oil.[11],,
"October 1, 2024",,,BBWI,"Bath & Body Works, Inc.",Market capitalization change.[12],,
"September 30, 2024",AMTM,Amentum,,,"S&P 500 constituentJacobs Solutionsspun off its Critical Mission Solutions and Cyber Intelligence business, which merged with private Amentum to create newly publicly traded Amentum Holdings.[12]",,
"September 23, 2024",PLTR,Palantir Technologies,AAL,American Airlines Group,Market capitalization change.[13],,
"September 23, 2024",DELL,Dell Technologies,ETSY,Etsy,Market capitalization change.[13],,
"September 23, 2024",ERIE,Erie Indemnity,BIO,Bio-Rad Laboratories,Market capitalization change.[13],,
"June 24, 2024",KKR,KKR,RHI,Robert Half,Market capitalization change.[14],,
"June 24, 2024",CRWD,CrowdStrike,CMA,Comerica,Market capitalization change.[14],,
"June 24, 2024",GDDY,GoDaddy,ILMN,"Illumina, Inc.",Market capitalization change.[14],,
"May 8, 2024",VST,Vistra,PXD,Pioneer Natural Resources,S&P 500 and S&P 100 constituentExxonMobilacquired Pioneer Natural Resources.[15],,
"April 3, 2024",,,XRAY,Dentsply Sirona,Market capitalization change.[16],,
"April 3, 2024",,,VFC,VF Corporation,Market capitalization change.[16],,
"April 2, 2024",GEV,GE Vernova,,,S&P 500 and 100 constituent General Electric Corp. spun off GE Vernova.[16],,
"April 1, 2024",SOLV,Solventum,,,S&P 500 and 100 constituent 3M Co. spun off Solventum.[16],,
"March 18, 2024",SMCI,Supermicro,WHR,Whirlpool Corporation,Market capitalization change.[17],,
"March 18, 2024",DECK,Deckers Brands,ZION,Zions Bancorporation,Market capitalization change.[17],,
"December 18, 2023",UBER,Uber,SEE,Sealed Air,Market capitalization change.[18],,
"December 18, 2023",JBL,Jabil,ALK,Alaska Air Group,Market capitalization change.[18],,
"December 18, 2023",BLDR,Builders FirstSource,SEDG,SolarEdge,Market capitalization change.[18],,
"October 18, 2023",HUBB,Hubbell,OGN,Organon & Co.,Market capitalization change.[19],,
"October 18, 2023",LULU,Lululemon Athletica,ATVI,Activision Blizzard,S&P 500 and S&P 100 constituentMicrosoft acquired Activision Blizzard.[19],,
"October 3, 2023",,,DXC,DXC Technology,Market capitalization change.[20],,
"October 2, 2023",VLTO,Veralto,,,S&P 500 and S&P 100 constituent Danaher Corporation spun off Veralto.[20],,
"September 18, 2023",BX,Blackstone,LNC,Lincoln National Corporation,Market capitalization change.[21],,
"September 18, 2023",ABNB,Airbnb,NWL,Newell Brands,Market capitalization change.[21],,
"August 25, 2023",KVUE,Kenvue,AAP,Advance Auto Parts,S&P 500 and S&P 100 constituent Johnson & Johnson offered to exchange the shares of Kenvue held for shares of Johnson & Johnson in a split-off exchange offer.[22],,
"June 20, 2023",PANW,Palo Alto Networks,DISH,Dish Network,Market capitalization change.[23],,
"May 4, 2023",AXON,Axon Enterprise,FRC,First Republic Bank,TheFederal Deposit Insurance Corporation(FDIC) placed First Republic Bank into FDIC Receivership.[24],,
"March 20, 2023",FICO,Fair Isaac,LUMN,Lumen Technologies,Market capitalization change.[25],,
"March 15, 2023",BG,Bunge Global,SBNY,Signature Bank,The FDIC placed Signature Bank into FDIC Receivership.[26],,
"March 15, 2023",PODD,Insulet,SIVB,SVB Financial Group,"The FDIC placed SVB's main subsidiary,Silicon Valley Bank, into receivership.[27]",,
"January 5, 2023",,,VNO,Vornado Realty Trust,Market capitalization change.[28],,
"January 4, 2023",GEHC,GE HealthCare,,,S&P 500 constituent General Electric spun off GE HealthCare.[29],,
"December 22, 2022",STLD,Steel Dynamics,ABMD,Abiomed,S&P 500 constituent Johnson & Johnson acquired Abiomed.[30],,
"December 19, 2022",FSLR,First Solar,FBHS,Fortune Brands Home & Security,Market capitalization change.[31],,
"December 19, 2022",,,MBC,MasterBrand,Market capitalization change.[31],,
"December 15, 2022",MBC,MasterBrand,,,S&P 500 constituent Fortune Brands Home & Security spun off MasterBrand.[31],,
"November 1, 2022",ACGL,Arch Capital Group,TWTR,Twitter,Elon Muskacquired Twitter.[32],,
"October 12, 2022",TRGP,Targa Resources,NLSN,Nielsen Holdings,Elliot Management Corpacquired Nielsen Holdings.[33],,
"October 3, 2022",PCG,PG&E,CTXS,Citrix Systems,Vista Equity Partnersacquired Citrix Systems.[34],,
"October 3, 2022",EQT,EQT Corporation,DRE,Duke Realty,S&P 500 constituent Prologis Inc. acquired Duke Realty.[34],,
"September 19, 2022",CSGP,CoStar Group,PVH,PVH,Market capitalization change.[35],,
"September 19, 2022",INVH,Invitation Homes,PENN,Penn Entertainment,Market capitalization change.[35],,
"June 21, 2022",,,UA,Under Armour(Class C),Market capitalization change.[36],,
"June 21, 2022",KDP,Keurig Dr Pepper,UAA,Under Armour(Class A),Market capitalization change.[36],,
"June 21, 2022",ON,ON Semiconductor,IPGP,IPG Photonics,Market capitalization change.[36],,
"June 8, 2022",VICI,Vici Properties,CERN,Cerner,S&P 500 constituent Oracle Corp. acquired Cerner.[36],,
"April 11, 2022",WBD,Warner Bros. Discovery,DISCA,"Discovery, Inc.",WarnerMedia and Discovery merge to createWarner Bros. Discovery.[37],,
"April 11, 2022",,,DISCK,"Discovery, Inc.",WarnerMedia and Discovery merge to createWarner Bros. Discovery.[37],,
"April 4, 2022",CPT,Camden Property Trust,PBCT,People's United Financial,S&P 500 constituent M&T Bank Corp. acquired People's United Financial.[38],,
"March 2, 2022",MOH,Molina Healthcare,INFO,IHS Markit,S&P 500 constituent S&P Global Inc. acquired IHS Markit.[39],,
"February 15, 2022",NDSN,Nordson Corporation,XLNX,Xilinx,S&P 500 constituent Advanced Micro Devices acquired Xilinx.[40],,
"February 3, 2022",,,GPS,Gap,Market capitalization change.[41],,
"February 2, 2022",CEG,Constellation Energy,,,S&P 500 and 100 constituent Exelon Corp. spun off Constellation Energy.[41],,
"December 20, 2021",SBNY,Signature Bank,LEG,Leggett & Platt,Market capitalization change.[42],,
"December 20, 2021",SEDG,SolarEdge,HBI,Hanesbrands,Market capitalization change.[42],,
"December 20, 2021",FDS,FactSet,WU,Western Union,Market capitalization change.[42],,
"December 14, 2021",EPAM,EPAM Systems,KSU,Kansas City Southern,Canadian Pacificacquired Kansas City Southern.[43],,
"September 20, 2021",MTCH,Match Group,PRGO,Perrigo,Market capitalization change.[44],,
"September 20, 2021",CDAY,Ceridian,UNM,Unum,Market capitalization change.[44],,
"September 20, 2021",BRO,Brown & Brown,NOV,Nov,Market capitalization change.[44],,
"August 30, 2021",TECH,Bio-Techne,MXIM,Maxim Integrated,S&P 500 constituent Analog Devices acquired Maxim Integrated Products.[45],,
"July 21, 2021",MRNA,Moderna,ALXN,Alexion Pharmaceuticals,AstraZenecaacquired Alexion Pharmaceuticals.[46],,
"June 4, 2021",,,HFC,HollyFrontier,Market capitalization change.[47],,
"June 3, 2021",OGN,Organon & Co.,,,S&P 500/100 constituent Merck & Co. spun off Organon.[47],,
"May 14, 2021",CRL,Charles River Laboratories,FLIR,FLIR Systems,S&P 500 constituentTeledyne Technologiesacquired FLIR Systems.[48],,
"April 20, 2021",PTC,PTC,VAR,Varian Medical Systems,Siemens Healthineersacquired Varian Medical Systems.[49],,
"March 22, 2021",NXPI,NXP,FLS,Flowserve,Market capitalization change.[50],,
"March 22, 2021",PENN,Penn National Gaming,SLG,SL Green Realty,Market capitalization change.[50],,
"March 22, 2021",GNRC,Generac Holdings,XRX,Xerox,Market capitalization change.[50],,
"March 22, 2021",CZR,Caesars Entertainment,VNT,Vontier,Market capitalization change.[50],,
"February 12, 2021",MPWR,Monolithic Power Systems,FTI,TechnipFMC,TechnipFMC was removed from the S&P 500 in anticipation of its announced spin-off of Technip Energies.[51],,
"January 21, 2021",TRMB,Trimble,CXO,Concho Resources,S&P 500/100 constituentConocoPhillipsacquired Concho Resources.[52],,
"January 7, 2021",ENPH,Enphase Energy,TIF,Tiffany & Co,LVMHMoet Hennessy-Louis Vuitton SE acquired Tiffany & Co.[53],,
"December 21, 2020",TSLA,Tesla,AIV,Apartment Investment & Management,Apartment Investment and Management (Aimco) spun off Apartment Income REIT.[54],,
"October 12, 2020",,,NBL,Noble Energy,Chevron acquired Noble Energy.[55],,
"October 9, 2020",VNT,Vontier,,,S&P 500 constituentFortivespun off Vontier.[55],,
"October 7, 2020",POOL,Pool Corporation,ETFC,E-Trade,Morgan Stanley acquired E*Trade.[56],,
"September 21, 2020",ETSY,Etsy,HRB,H&R Block,Market capitalization change.[57],,
"September 21, 2020",TER,Teradyne,COTY,Coty,Market capitalization change.[57],,
"September 21, 2020",CTLT,Catalent,KSS,Kohl's,Market capitalization change.[57],,
"June 22, 2020",BIO,Bio-Rad Laboratories,ADS,Alliance Data Systems,Market capitalization change.[58],,
"June 22, 2020",TDY,Teledyne,HOG,Harley-Davidson,Market capitalization change.[58],,
"June 22, 2020",TYL,Tyler Technologies,JWN,Nordstrom,Market capitalization change.[58],,
"May 22, 2020",WST,West Pharmaceutical Services,HP,Helmerich & Payne,Market capitalization change.[59],,
"May 12, 2020",DPZ,Domino's Pizza,CPRI,Capri Holdings,Market capitalization change.[60],,
"May 12, 2020",DXCM,Dexcom,AGN,Allergan,Allergan acquired byAbbVie.[60],,
"April 6, 2020",,,M,Macy's,Market capitalization change.[61],,
"April 6, 2020",,,RTN,Raytheon Company,United Technologies spun off Otis and Carrier and acquired Raytheon Company.[61],,
"April 3, 2020",OTIS,Otis Worldwide,,,United Technologies spun off Otis and Carrier and acquired Raytheon Company.[61],,
"April 3, 2020",CARR,Carrier,,,United Technologies spun off Otis and Carrier and acquired Raytheon Company.[61],,
"April 1, 2020",HWM,Howmet Aerospace,ARNC,Arconic,Arconic separated into 2 companies - Howmet remained on the index.[62],,
"March 2, 2020",IR,Ingersoll Rand,XEC,Cimarex Energy,"Gardner Denver acquiredIngersoll Rand's industrial businesses then changed its name to the ""new"" Ingersoll Rand Inc.[63][64]",,
"January 28, 2020",PAYC,Paycom,WCG,WellCare,S&P 500 constituent Centene Corp. (NYSE: CNC) acquired Wellcare Health Plans.[65],,
"December 23, 2019",LYV,Live Nation Entertainment,AMG,Affiliated Managers Group,Market capitalization change.[66],,
"December 23, 2019",ZBRA,Zebra Technologies,TRIP,TripAdvisor,Market capitalization change.[66],,
"December 23, 2019",STE,Steris,MAC,Macerich,Market capitalization change.[66],,
"December 9, 2019",ODFL,Old Dominion Freight Line,STI,SunTrust Banks,BB&T acquired SunTrust to formTruist Financial.[67],,
"December 5, 2019",WRB,W. R. Berkley Corporation,VIAB,Viacom,CBS acquired Viacom to formViacomCBS.[68],,
"November 21, 2019",NOW,ServiceNow,CELG,Celgene,Bristol-Myers Squibb(NYSE:BMY) acquired Celgene.[69],,
"October 3, 2019",LVS,Las Vegas Sands,NKTR,Nektar Therapeutics,Market capitalization change.[70],,
"September 26, 2019",NVR,NVR,JEF,Jefferies Financial Group,JEF spun off SPB.[71],,
"September 23, 2019",CDW,CDW Corporation,TSS,TSYS,S&P 500 constituentGlobal Payments(NYSE: GPN) acquired TSS.[72],,
"August 9, 2019",LDOS,Leidos,APC,Anadarko Petroleum,S&P 500 & 100 constituent Occidental Petroleum Corp. (NYSE:OXY) acquired Anadarko Petroleum.[73],,
"August 9, 2019",IEX,IDEX Corporation,FL,Foot Locker,Market capitalization change.[73],,
"July 15, 2019",TMUS,T-Mobile US,RHT,Red Hat,S&P 500 & 100 constituentIBMacquired Red Hat.[74],,
"July 1, 2019",MKTX,MarketAxess,LLL,L3 Technologies,L3 purchased by Harris Corporation[75],,
"June 11, 2019",AMCR,Amcor,BMS,Bemis,BMS changed to AMCR post merger with Amcor;[76]subsequently renamed toAmcor[77],,
"June 7, 2019",BMS,Bemis,MAT,Mattel,Pending merger of Bemis and Amcor; Bemis treated as the surviving entity.[78],,
"June 3, 2019",DD,DuPont,DWDP,DuPont,DWDP changed to DD after spinning off Corteva.[79],,
"June 3, 2019",CTVA,Corteva,FLR,Fluor Corporation,CTVA spun off from DWDP (which then changed symbol to DD)[79],,
"April 2, 2019",DOW,Dow,BHF,Brighthouse Financial,DOW spun off from DWDP[80],,
"March 19, 2019",FOXA,Fox Corporation,FOXA,21st Century Fox,21st Century Fox merged with Disney and some parts spun off as Fox Corporation.[81],,
"March 19, 2019",FOX,Fox Corporation,FOX,21st Century Fox,21st Century Fox merged with Disney and some parts spun off as Fox Corporation.[81],,
"February 27, 2019",WAB,Wabtec,GT,The Goodyear Tire & Rubber Company,WAB acquired GE transportation business[82],,
"February 15, 2019",ATO,Atmos Energy,NFX,Newfield Exploration,ECA acquired NFX[83],,
"January 18, 2019",TFX,Teleflex,PCG,Pacific Gas & Electric Company,PCG filed for bankruptcy[84],,
"January 2, 2019",FRC,First Republic Bank,SCG,SCANA,Dominion Energy acquired SCANA Corporation[85],,
"December 24, 2018",CE,Celanese,ESRX,Express Scripts,S&P 500 constituent Cigna (NYSE: CI) acquired ESRX[86],,
"December 3, 2018",LW,Lamb Weston,COL,Rockwell Collins,UTX acquired COL[87],,
"December 3, 2018",MXIM,Maxim Integrated,AET,Aetna,CVS acquired Aetna[87],,
"December 3, 2018",FANG,Diamondback Energy,SRCL,Stericycle,Market Capitalization change[87],,
"November 13, 2018",JKHY,Jack Henry & Associates,EQT,EQT Corporation,EQT spun off ETRN[88],,
"November 6, 2018",KEYS,Keysight,CA,CA Technologies,CA acquired byBroadcom.[89],,
"October 11, 2018",FTNT,Fortinet,EVHC,Envision Healthcare,EVHC acquired byKKR.[90],,
"October 1, 2018",ROL,Rollins,ANDV,Andeavor,ANDV acquired byMarathon Petroleum.[91],,
"September 14, 2018",WCG,WellCare,XL,XL Group,XL acquired byAXA.[92],,
"August 28, 2018",ANET,Arista Networks,GGP,GGP,GGP acquired byBrookfield Property Partners.[93],,
"July 2, 2018",CPRT,Copart,DPS,Dr Pepper Snapple Group,DPS acquired byKeurig Green Mountain.[94],,
"June 20, 2018",FLT,FleetCor Technologies,TWX,Time Warner,AT&T acquired Time Warner.[95],,
"June 18, 2018",BR,Broadridge Financial Solutions,RRC,Range Resources,Market capitalization change.[96],,
"June 18, 2018",HFC,HollyFrontier,AYI,Acuity Brands,Market capitalization change.[96],,
"June 7, 2018",TWTR,Twitter,MON,Monsanto,Bayeracquired Monsanto.[97],,
"June 5, 2018",EVRG,Evergy,NAVI,Navient,Westar Energy (NYSE: WR) acquired Great Plains Energy (NYSE: GXP) and changed name to Evergy.[98],,
"May 31, 2018",ABMD,Abiomed,WYN,Wyndham Worldwide,Wyndham Worldwide spun offWyndham Hotels & Resorts(NYSE:WH).[99],,
"April 4, 2018",MSCI,MSCI,CSRA,CSRA,S&P 500 constituentGeneral Dynamics(NYSE: GD) acquired CSRA.[100],,
"March 19, 2018",TTWO,Take-Two Interactive,SIG,Signet Jewelers,Market capitalization change.[101],,
"March 19, 2018",SIVB,SVB Financial Group,PDCO,Patterson Companies,Market capitalization change.[101],,
"March 19, 2018",NKTR,Nektar Therapeutics,CHK,Chesapeake Energy,Market capitalization change.[101],,
"March 7, 2018",IPGP,IPG Photonics,SNI,Scripps Networks Interactive,Discovery Communicationsacquired SNI.[102],,
"January 3, 2018",HII,Huntington Ingalls Industries,BCR,CR Bard,Becton Dickinsonacquired BCR.[103],,
"October 13, 2017",NCLH,Norwegian Cruise Line Holdings,LVLT,Level 3 Communications,CenturyLinkacquired LVLT.[104],,
"September 18, 2017",CDNS,Cadence Design Systems,SPLS,Staples,Sycamore Partnersacquired Staples.[105],,
"September 1, 2017",DWDP,DuPont,DOW,Dow Chemical Company,The Dow Chemical Company renamed to DowDuPont Inc. and ticker changed from DOW to DWDP after acquiring DuPont.[106],,
"September 1, 2017",SBAC,SBA Communications,DD,DuPont,The Dow Chemical Company acquired DuPont.[106],,
"August 29, 2017",Q,QuintilesIMS,WFM,Whole Foods Market,Amazonacquired Whole Foods Market.[106],,
"August 8, 2017",BHF,Brighthouse Financial,AN,AutoNation,"BHF replaced AN,[107]MET spun off BHF[107]",,
"July 26, 2017",DRE,Duke RealtyCorp,RIG,Transocean,Market capitalization change.[108],,
"July 26, 2017",AOS,A. O. Smith,BBBY,Bed Bath & Beyond,Market capitalization change.[108],,
"July 26, 2017",PKG,Packaging Corporation of America,MUR,Murphy Oil,Market capitalization change.[108],,
"July 26, 2017",RMD,ResMed,MNK,Mallinckrodt,Market capitalization change.[108],,
"July 26, 2017",MGM,MGM Resorts International,RAI,Reynolds American,British American Tobacco(NYSE MKT:BTI) acquired Reynolds American.[108],,
"July 7, 2017",BKR,Baker Hughes,BHI,Baker Hughes,Baker Hughes merged with GE Oil & Gas to form new company.[109],,
"June 19, 2017",HLT,Hilton,YHOO,Yahoo!,VZ acquired YHOO operations; remainder of YHOO converted to closed-end company known asAltaba.[110],,
"June 19, 2017",ALGN,Align Technology,TDC,Teradata,Market capitalization changes.[110],,
"June 19, 2017",ANSS,Ansys,R,Ryder System,Market capitalization changes.[110],,
"June 19, 2017",RE,Everest Re,MJN,Mead Johnson,Reckitt Benckiseracquired Mead Johnson Nutrition.[111],,
"June 2, 2017",INFO,IHS Markit,TGNA,Tegna,TGNA spins offCars.com[112],,
"April 5, 2017",IT,Gartner,DNB,Dun & Bradstreet,IT acquiring CEB[113],,
"April 4, 2017",DXC,DXC Technology,SWN,Southwestern Energy,"HPE spins off Everett, merged with CSC to form DXC[114][115]",,
"March 20, 2017",AMD,Advanced Micro Devices,URBN,Urban Outfitters,Market capitalization change.[116],,
"March 20, 2017",RJF,Raymond James Financial,FTR,Frontier Communications,Market capitalization change.[116],,
"March 20, 2017",ARE,Alexandria Real Estate Equities,FSLR,First Solar,Market capitalization change.[116],,
"March 16, 2017",SNPS,Synopsys,HAR,Harman International,Samsung Electronicsacquired Harman International Industries.[117],,
"March 13, 2017",DISH,Dish Network,LLTC,Linear Technology,S&P 500 constituentAnalog Devices(NASD:ADI) acquired Linear Technology.[118],,
"March 2, 2017",REG,Regency Centers,ENDP,Endo International,REG acquires EQY[119],,
"March 1, 2017",CBOE,Cboe Holdings,PBI,Pitney Bowes,CBOE acquires BATS[119],,
"February 28, 2017",INCY,Incyte,SE,Spectra Energy,SE acquired by ENB[119],,
"January 5, 2017",IDXX,Idexx Laboratories,STJ,St Jude Medical,S&P 100 & 500 constituent Abbott Laboratories (NYSE:ABT) acquired St. Jude Medical.[120],,
"December 2, 2016",MAA,Mid-America Apartments,OI,Owens-Illinois,Market capitalization change.[121],,
"December 2, 2016",EVHC,Envision Healthcare,LM,Legg Mason,Market capitalization change.[121],,
"November 1, 2016",ARNC,Arconic,AA,Alcoa,AA spins off ARNC,,
"September 30, 2016",COTY,Coty,DO,Diamond Offshore Drilling,COTY replaces DO[122],,
"September 22, 2016",COO,The Cooper Companies,HOT,Starwood,MAR acquires HOT[123],,
"September 8, 2016",CHTR,Charter Communications,EMC,EMC Corporation,Dell acquires EMC[124],,
"September 6, 2016",MTD,Mettler Toledo,TYC,Tyco International,TYC acquires JCI (and retains JCI ticker).[125],,
"July 5, 2016",FTV,Fortive Corp,CPGX,Columbia Pipeline Group,CPGX acquired by TRP[126],,
"July 1, 2016",LNT,Alliant Energy Corp,GAS,AGL Resources,GAS acquired by SO[127],,
"July 1, 2016",ALB,Albemarle Corporation,TE,TECO Energy,TE acquired by EMA[126],,
"June 22, 2016",FBHS,Fortune Brands Home & Security,CVC,Cablevision Systems,CVC acquired by Altice NV[128],,
"June 3, 2016",TDG,TransDigm Group,BXLT,Baxalta,SHPG acquiring BXLT[129],,
"May 31, 2016",AJG,Arthur J. Gallagher & Co.,CCE,Coca-Cola Enterprises,CCE merging with European bottlers[130],,
"May 23, 2016",LKQ,LKQ Corporation,ARG,Airgas,ARG acquired by Air Liquide[131],,
"May 18, 2016",DLR,Digital Realty,TWC,Time Warner Cable,TWC acquired by CHTR[132],,
"May 13, 2016",ALK,Alaska Air Group,SNDK,SanDisk,SNDK acquired by WDC[133],,
"May 3, 2016",AYI,Acuity Brands,ADT,ADT,ADT acquired by APO[134],,
"April 25, 2016",GPN,Global Payments,GME,GameStop,Global Payments is acquiring Heartland Payment Systems[135],,
"April 18, 2016",ULTA,Ulta Beauty,THC,Tenet Healthcare,Ulta replaces Tenet[136],,
"April 8, 2016",UA,Under Armour(Class C),,,Under Armour distribution of second class of stock,,
"April 4, 2016",FL,Foot Locker,CAM,Cameron International,Schlumberger acquired Cameron[137],,
"March 30, 2016",HOLX,Hologic,POM,Pepco Holdings,Exelonacquired Pepco.[138],,
"March 30, 2016",CNC,Centene Corporation,ESV,Ensco,Centene acquiredHealth Net.[138],,
"March 7, 2016",UDR,UDR,GMCR,Keurig Green Mountain,JAB Holding Company acquired Keurig Green Mountain[139],,
"March 4, 2016",AWK,American Water Works,CNX,Consol Energy,AWK replaces CNX[140],,
"February 22, 2016",CXO,Concho Resources,PCL,Plum Creek Timber,PCL taken over by WY[141],,
"February 1, 2016",CFG,Citizens,PCP,Precision Castparts Corporation,CFG replaces PCP[142],,
"February 1, 2016",FRT,Federal Realty Investment Trust,BRCM,Broadcom Corporation,FRT replaces BRCM[143],,
"January 19, 2016",EXR,Extra Space Storage,ACE,Chubb,"EXR replaces ACE as ACE Ltd acquires Chubb and retains the CB ticker, giving up ACE[144]",,
"January 5, 2016",WLTW,Willis Towers Watson,FOSL,Fossil Group,WSH merges with TW (and renames to WLTW)[145],,
"December 29, 2015",CHD,Church & Dwight,ALTR,Altera,ALTR taken over by INTC[146],,
"December 15, 2015",,,CMCSK,Comcast K Corp,CMCSK shares no longer listed[147],,
"December 1, 2015",CSRA,CSRA,CSC,Computer Sciences Corporation,CSC spins off CSRA[148],,
"November 19, 2015",ILMN,Illumina,SIAL,Sigma-Aldrich,Sigma-Aldrich acquired by Merck KGaA (MKGAY)[149],,
"November 18, 2015",SYF,Synchrony Financial,GNW,Genworth Financial,GE spinning off Synchrony Financial[150],,
"November 2, 2015",HPE,Hewlett Packard Enterprise,HCBK,Hudson City Bancorp,HPQ spins off HPE[151],,
"October 7, 2015",VRSK,Verisk Analytics,JOY,Joy Global,Market capitalization change.[152],,
"September 18, 2015",CMCSK,ComcastClass K Special,,,Share class methodology change[153],,
"September 18, 2015",FOX,Twenty-First Century FoxClass B,,,Share class methodology change,,
"September 18, 2015",NWS,News CorporationClass B,,,Share class methodology change,,
"September 2, 2015",UAL,United Continental Holdings,HSP,Hospira,Hospira taken over[154],,
"August 28, 2015",ATVI,Activision Blizzard,PLL,Pall Corporation,Pall taken over[154],,
"July 29, 2015",SIG,Signet Jewelers,DTV,DirecTV,DirecTV acquired by AT&T.[155],,
"July 20, 2015",PYPL,PayPal,NE,Noble Corporation,PayPal Spun off by eBay[156],,
"July 8, 2015",AAP,Advance Auto Parts,FDO,Family Dollar,Family Dollar acquired.[157],,
"July 6, 2015",KHC,Kraft Heinz,KRFT,Kraft Foods,Kraft merger with Heinz.[158],,
"July 2, 2015",CPGX,Columbia Pipeline Group,ATI,Allegheny Technologies,Spin off of Columbia Pipeline.[159],,
"July 1, 2015",JBHT,J.B. Hunt,TEG,Integrys Energy Group,Integrys taken over.[160],,
"July 1, 2015",BXLT,Baxalta,QEP,QEP Resources,Baxalta spun off by Baxter.[161],,
"June 11, 2015",QRVO,Qorvo,LO,Lorillard Tobacco Company,Lorillard gets acquired.[162],,
"April 7, 2015",O,Realty Income Corporation,WIN,Windstream Communications,Market capitalization change.[163],,
"March 23, 2015",AAL,American Airlines Group,AGN,Allergan,Allergan acquired by Actavis (and changed name toAllergan).[164],,
"March 23, 2015",EQIX,Equinix,DNR,Denbury Resources,Market Capitalization Changes.[165],,
"March 23, 2015",SLG,SL Green Realty,NBR,Nabors Industries,Market Capitalization Changes.,,
"March 23, 2015",HBI,Hanesbrands,AVP,Avon Products,Market Capitalization Changes.,,
"March 18, 2015",HSIC,Henry Schein,CFN,Carefusion,Carefusion acquired by Becton Dickinson[166],,
"March 12, 2015",SWKS,Skyworks,PETM,PetSmart,PetSmart acquired by private equity consortium[167],,
"January 27, 2015",HCA,HCA Holdings,SWY,Safeway,Safeway acquired by private equity consortium[168],,
"January 27, 2015",ENDP,Endo International,COV,Covidien,Covidien acquired by Medtronic[169],,
"December 5, 2014",RCL,Royal Caribbean Cruises,BMS,Bemis Company,Market cap changes[170],,
"November 5, 2014",LVLT,Level 3 Communications,JBL,Jabil Circuit,Market cap changes[171],,
"September 20, 2014",URI,United Rentals,BTU,Peabody Energy,Market cap changes[172],,
"September 20, 2014",UHS,Universal Health Services,GHC,Graham Holdings,Market cap changes,,
"August 18, 2014",MNK,Mallinckrodt,RDC,Rowan Companies,Market cap changes[173],,
"August 6, 2014",DISCK,Discovery Communications,,,Class C share distribution[174],,
"July 2, 2014",MLM,Martin Marietta,X,United States Steel,Market capitalization changes[175],,
"July 1, 2014",AMG,Affiliated Managers Group,FRX,Forest Laboratories,Actavis acquires Forest Laboratories[176],,
"June 20, 2014",XEC,Cimarex Energy,IGT,International Game Technology,Market capitalization changes[177],,
"May 8, 2014",AVGO,Avago Technologies,LSI,LSI Corporation,Avago acquires LSI[178],,
"May 1, 2014",UA,Under Armour,BEAM,Suntory Global Spirits,Beam acquired by Suntory[179],,
"May 1, 2014",NAVI,Navient,SLM,SLM Corporation,Navient Spun off from SLM[179],,
"April 3, 2014",GOOGL,Google,,,Google Class C share distribution[180],,
"April 2, 2014",ESS,Essex Property Trust,CLF,Cliffs Natural Resources,Market capitalization changes[181],,
"March 21, 2014",GMCR,Keurig Green Mountain,WPX,WPX Energy,Market capitalization changes[182],,
"January 24, 2014",TSCO,Tractor Supply,LIFE,Life Technologies,Life Technologies acquired by Thermo Fisher Scientific Inc[183],,
"December 23, 2013",ADS,Alliance Data Systems,ANF,Abercrombie & Fitch,Market capitalization changes.[184],,
"December 23, 2013",MHK,Mohawk Industries,JDSU,JDS Uniphase,Market capitalization changes.[184],,
"December 23, 2013",FB,Facebook,TER,Teradyne,Market capitalization changes.[184],,
"December 10, 2013",GGP,General Growth Properties,MOLX,Molex,MOLX acquired byKoch Industries.[185],,
"December 2, 2013",ALLE,Allegion,JCP,JCPenney,Allegion spun off by Ingersoll Rand.[186],,
"November 13, 2013",KORS,Michael Kors,NYX,NYSE Euronext,ICE Exchange acquired NYSE Euronext.[187],,
"October 29, 2013",RIG,Transocean,DELL,Dell,Founder Michael Dell and Silver Lake Partners acquired Dell.[188],,
"September 20, 2013",VRTX,Vertex Pharmaceuticals,AMD,Advanced Micro Devices,Market capitalization change.[189],,
"September 20, 2013",AME,Ametek,SAI,SAIC,Market capitalization change.[189],,
"September 10, 2013",DAL,Delta Air Lines,BMC,BMC Software,BMC taken private by consortium[190],,
"July 8, 2013",NLSN,Nielsen Holdings,S,Sprint Nextel,Softbank consortium purchase results in public float below 50%[191],,
"July 1, 2013",NWSA,21st Century Fox,APOL,Apollo Education Group,Apollo Group's market cap more representative of a mid-cap[192],,
"June 21, 2013",ZTS,Zoetis,FHN,First Horizon,Zoetis spun off by Pfizer[193],,
"June 6, 2013",GM,General Motors,HNZ,Heinz,HNZ acquired by consortium[194],,
"May 23, 2013",KSU,Kansas City Southern,DF,Dean Foods,DF too small after spinoff of White Wave Foods[195],,
"May 8, 2013",MAC,Macerich,CVH,Coventry Health Care,Acquired by Aetna (AET)[196],,
"April 30, 2013",REGN,Regeneron Pharmaceuticals,PCS,MetroPCS,A majority of MetroPCS was acquired by T-Mobile[197],,
"February 15, 2013",PVH,PVH,BIG,Big Lots,Market capitalization changes[198],,
"January 2, 2013",ABBV,AbbVie,FII,Federated Investors,ABBV spun off from Abbott Labs (ABT)[199],,
"December 21, 2012",DLPH,Delphi Automotive,TIE,Titanium Metals,TIE acquired by Precision Cast Parts (PCP)[200],,
"December 11, 2012",GRMN,Garmin,RRD,RR Donnelley,Market capitalization changes[201],,
"December 3, 2012",DG,Dollar General,CBE,Cooper Industries,Acquired by Eaton Corp. (ETN)[202],,
"October 10, 2012",PETM,PetSmart,SUN,Sunoco,Acquired by Energy Transfer Partners (ETP)[203],,
"October 2, 2012",KRFT,Kraft Foods,ANR,Alpha Natural Resources,Kraft split into two companies[204],,
"October 2, 2012",MDLZ,Mondelez,KFT,Kraft Foods,Old Kraft Foods renamed Mondelez[205],,
"October 1, 2012",ADT,ADT,LXK,Lexmark,Tyco spun off ADT,,
"October 1, 2012",PNR,Pentair,DV,DeVry,Tyco spin-off merged w/Pentair,,
"September 5, 2012",LYB,LyondellBasell,SHLD,Sears Holdings,SHLD below public float threshold,,
"July 31, 2012",ESV,Ensco,GR,Goodrich Corporation,Goodrich acquired by United Technologies (UTX).[206],,
"July 2, 2012",STX,Seagate Technology,PGN,Progress Energy,Acquired by Duke Energy (DUK)[207],,
"June 29, 2012",MNST,Monster Beverage,SLE,Sara Lee Corporation,Split up of Sara Lee[208],,
"June 5, 2012",LRCX,Lam Research,NVLS,Novellus Systems,Acquired by Lam Research (LRCX)[209],,
"May 21, 2012",ALXN,Alexion Pharmaceuticals,MMI,Motorola Mobility,Acquired by Google (GOOG)[210],,
"May 17, 2012",KMI,Kinder Morgan,EP,El Paso Corporation,Acquired by Kinder Morgan (KMI)[211],,
"April 23, 2012",PSX,Phillips 66,SVU,Supervalu,ConocoPhillips spun off Phillips 66[212],,
"April 3, 2012",FOSL,Fossil,MHS,Medco Health Solutions,Acquired by Express Scripts (ESRX)[213],,
"March 13, 2012",CCI,Crown Castle,CEG,Constellation Energy Group,Acquired by Exelon Corp. (EXC)[214],,
"December 31, 2011",WPX,WPX Energy,CPWR,Compuware,Market capitalization changes[215],,
"December 20, 2011",TRIP,TripAdvisor,TLAB,Tellabs,Expediaspun off TripAdvisor.[216],,
"December 16, 2011",BWA,BorgWarner,AKS,AK Steel,Market capitalization changes[217],,
"December 16, 2011",PRGO,Perrigo,MWW,Monster Worldwide,Market capitalization changes,,
"December 16, 2011",DLTR,Dollar Tree,WFR,MEMC Electronic Materials,Market capitalization changes,,
"December 12, 2011",GAS,AGL Resources.,GAS,Nicor Gas,"Nicor acquired by AGL, which retained the GAS ticker.[218]",,
"November 18, 2011",CBE,Cooper Industries,JNS,Janus Capital Group,Janus Capital Group's market capitalization is less than $1.2 billionand is no longer representative of the large cap market space.[219],,
"October 31, 2011",XYL,Xylem,ITT,ITT,Spun off from ITT Corp.[220],,
"October 14, 2011",TEL,TE Connectivity,CEPH,Cephalon,Acquired byTeva Pharmaceutical Industries(TEVA).[221],,
"September 23, 2011",MOS,The Mosaic Company,NSM,National Semiconductor,Acquired byTexas Instruments(TXN).[222],,
"July 5, 2011",ACN,Accenture,MI,Marshall & Ilsley,Marshall & Iisley is being bought by Bank of Montreal[223],,
"June 30, 2011",MPC,Marathon Oil,RSH,RadioShack,Market capitalization adjustments.[224],,
"June 1, 2011",ANR,Alpha Natural Resources,MEE,Massey Energy,Alpha Natural Resources acquired Massey Energy.[225],,
"April 27, 2011",CMG,Chipotle Mexican Grill,NOVL,Novell,Acquired by private equity firms.[226],,
"April 1, 2011",BLK,BlackRock,GENZ,Genzyme,Acquired bySanofiAventis (SNY)[227],,
"March 31, 2011",EW,Edwards Lifesciences,Q,Qwest Communications,Acquired by CenturyLink[228],,
"February 28, 2011",COV,Covidien,MFE,McAfee,Acquired byIntel[229],,
"February 25, 2011",JOYG,Joy Global,AYE,Allegheny Energy,Acquired by First Energy (FE).[230],,
"January 3, 2011",MMI,Motorola Mobility,MDP,Meredith Corp,S&P constituent Motorola spun off Motorola Mobility.[231],,
"December 17, 2010",CVC,Cablevision,KG,King Pharmaceuticals,Acquired byPfizer.[232],,
"December 17, 2010",FFIV,F5 Networks,EK,Eastman Kodak,Market Cap changes.[232],,
"December 17, 2010",NFLX,Netflix,ODP,Office Depot,Market Cap changes.,,
"December 17, 2010",NFX,Newfield Exploration,NYT,The New York Times Company,Market Cap changes.,,
"November 17, 2010",IR,Ingersoll-Rand,PTV,Pactiv,Reynolds Group Holdingsacquired Pactiv.[233],,
"August 26, 2010",TYC,Tyco International,SII,Smith International,Acquired bySchlumberger(SLB)[234],,
"July 14, 2010",CB,Chubb,MIL,Millipore,Acquired by Merck KGaA (MKGAY)[235],,
"June 30, 2010",QEP,QEP Resources,STR,Questar,"Company split. QEP retained, but ticker changed.[236]",,
"June 28, 2010",KMX,CarMax,XTO,XTO Energy,Acquired byExxonMobil[237],,
"April 29, 2010",CERN,Cerner,BJS,BJ Services,Acquired byBaker Hughes[238],,
"February 26, 2010",HP,Helmerich & Payne,RX,IMS Health,Taken private,,
"December 18, 2009",V,Visa,CIEN,Ciena,Market capitalization change.[citation needed],,
"December 18, 2009",MJN,Mead Johnson Nutrition,DYN,Dynegy,Market capitalization change.[citation needed]},,
"December 18, 2009",CLF,Cliffs Natural Resources,KBH,KB Home,Market capitalization change.[citation needed],,
"December 18, 2009",SAI,SAIC,CVG,Convergys,Market capitalization change.[citation needed],,
"December 18, 2009",ROST,Ross Stores,MBI,MBIA,Market capitalization change.[citation needed],,
"November 3, 2009",PCLN,Priceline.com,SGP,Schering-Plough,Acquired by Merck & Co. (MRK)[239],,
"September 28, 2009",ARG,Airgas,CBE,Cooper Industries,Redomesticated to Ireland[240],,
"August 19, 2009",FMC,FMC Corporation,CTX,Centex Corp.,Centex acquired byPulte Homes.[241],,
"June 29, 2009",PCS,MetroPCS,,,PCS replaced TEL.[242],,
"June 25, 2009",,,TEL,TE Connectivity,"Tyco Electronics left the index because it was reincorporating in Switzerland, making it ineligible for inclusion.[242]",,
"June 5, 2009",FTI,FMC Technologies,COV,Covidien,"Covidien moved its place of incorporation to Ireland, making it ineligible for inclusion in the index.[243]",,
"March 3, 2009",HRL,Hormel Foods,ACAS,American Capital,Capitalization rebalance.[244],,
"March 3, 2009",VTR,Ventas,JNY,Jones Apparel Group,Capitalization rebalance.,,
"December 31, 2008",OI,Owens-Illinois,WB,Wachovia Bank,Wachovia Bank acquired byWells Fargo.[245],,
"September 16, 2008",HRS,Harris Corporation,LEH,Lehman Brothers,Lehman Brothersfiled for bankruptcy.[246],,
"September 12, 2008",CRM,Salesforce,FRE,Freddie Mac,Capitalization rebalance.[247],,
"September 12, 2008",FAST,Fastenal,FNM,Fannie Mae,Capitalization rebalance.[247],,
"July 1, 2008",AKS,AK Steel,CFC,Countrywide Financial Corp,Ak Steel replaced Countrywide Financial.[248],,
"June 23, 2008",COG,Cabot Oil & Gas,BC,Brunswick,Market capitalization change.[249],,
"June 23, 2008",MEE,Massey Energy,OMX,OfficeMax,Market capitalization change.[249],,
"June 10, 2008",LO,Lorillard Tobacco Company,ABK,Ambac Financial,Market Value Decline[250],,
"December 20, 2007",RRC,Range Resources,TRB,Tribune Media,Taken private[251],,
"December 13, 2007",GME,GameStop,DJ,Dow Jones,Acquired byNews Corporation,,
"October 26, 2007",JEC,Jacobs Engineering Group,AV,Avaya,Taken private[252],,
"October 2, 2007",EXPE,Expedia,SLR,Solectron,Solectron acquired byFlextronics.[253],,
"October 1, 2007",TDC,Teradata,NCR,NCR Corporation,Teradata spun off by NCR Corporation.[253],,
"September 27, 2007",TSO,Tesoro Corporation,MXIM,Maxim Integrated Products,MXIM delisted from NASDAQ exchange.[253],,
"September 26, 2007",ICE,Intercontinental Exchange,FDC,First Data,FDC acquired byKKR.[253],,
"August 24, 2007",LUK,Leucadia National,KSE,KeySpan,Acquired byNational Grid plc[254],,
"July 2, 2007",DFS,Discover Financial,ADCT,ADC Telecommunications,Discover Financial Services debuts on New York Stock Exchange.[255],,
"March 30, 2007",KFT,Kraft Foods,TSG,Sabre Corporation,Taken Private[256],,
"January 10, 2007",AVB,AvalonBay Communities,SBL,Symbol Technologies,Acquired by Motorola[257],,
"June 2, 2006",JNPR,Juniper Networks,ABS,Albertsons,Albertsons acquired by SuperValu and CVS Corp.[258],,
"November 18, 2005",AMZN,Amazon,T,AT&T Corporation,AT&T Corp. acquired bySBC Communications[259],,
"July 1, 2005",STZ,Constellation Brands,GLK,Great Lakes Chemical,Acquired byCrompton Corp.,,
"September 25, 2003",ESRX,Express Scripts,QTRN,Quintiles Transnational,Taken private,,
"December 5, 2000",INTU,Intuit,BS,Bethlehem Steel,Market Cap changes.[260],,
"December 5, 2000",SBL,Symbol Technologies,OI,Owens-Illinois,Market Cap changes.,,
"December 5, 2000",AYE,Allegheny Energy,GRA,WR Grace,Market Cap changes.,,
"December 5, 2000",ABK,Ambac Financial,CCK,Crown Holdings,Market Cap changes.,,
"July 27, 2000",JDSU,JDS Uniphase,RAD,Rite Aid,Market Cap change.[261],,
"June 12, 2000",CVG,Convergys,TMC,Times Mirror,Tribune Co.acquired Times Mirror.[262],,
"June 7, 2000",SBUX,Starbucks,SMS,Shared Medical Systems,Siemens AGacquired Shared Medical Systems.[262],,
"December 8, 1999",YHOO,Yahoo!,LDW,Laidlaw,Market capitalization change.[263],,
"June 9, 1999",WLP,Wellpoint,HPH,Harnischfeger Industries,Harnischfeger filed for bankruptcy.[264],,
"April 12, 1999",ACT,Actavis,,,Actavis plc (NYSE:ACT) added to S&P 500,,
"December 11, 1998",FSR,Firstar,AN,Amoco,BPpurchased Amoco.[265],,
"December 11, 1998",CCL,Carnival Corp.,GRN,General Re,Berkshire Hathawaypurchased General Re.[265],,
"December 11, 1998",CPWR,Compuware,SUN,SunAmerica,AIGpurchased SunAmerica.[265],,
"June 17, 1997",CCI,Countrywide Credit Industries,USL,USLife,AIGacquired USLife.[266],,
"September 30, 1994",NCC,National City,MCK,McKesson,McKesson sold PCS Health Services toEli Lilly.[267],,
"July 1, 1976",BUD,Anheuser Busch,HNG,Houston Natural Gas,"Major restructuring of S&P 500 to have fewer industrials and utilities, and more financial companies to add ""new strength and breadth""[268]",,
"July 1, 1976",DIS,The Walt Disney Company,AYE,Allegheny Energy,"Major restructuring of S&P 500 to have fewer industrials and utilities, and more financial companies to add ""new strength and breadth""[268]",,
